customer_id,name,email,address,signup_date,country
2,Allison Hill,donaldgarcia@example.net,"600 Jeffery Parkways
New Jamesside, MT 29394",2025-08-08,Fiji
3,Abigail Shaffer,jpeterson@example.org,"USNV Garcia
FPO AA 13177",2025-06-04,Guatemala
4,Renee Blair,dudleynicholas@example.net,"310 Kendra Common Apt. 164
Reidstad, GA 49021",2025-06-01,Paraguay
5,Timothy Wong,amandasanchez@example.com,"503 Linda Locks
Carlshire, FM 94599",2025-05-02,Palau
6,Dr. Marvin Thomas Jr.,julie69@example.com,"710 Eric Estate
Carlsonfurt, MS 78605",2026-09-12,Marshall Islands
7,Juan Dunlap,maldonadoamanda@example.com,"46270 Stanton Track Apt. 814
East Nathaniel, GA 71198",2026-08-12,Uzbekistan
8,April Nguyen,rodriguezmichael@example.com,"117 Tiffany Place
East Donna, OH 22144",2025-03-27,Tunisia
9,Tracey Hickman,jenniferross@example.net,"713 Caleb Brooks Apt. 930
Lake Crystalbury, CA 04618",2026-06-04,Barbados
10,Diana Washington,jenniferkhan@example.net,"3116 Henderson Mountain Apt. 106
Laurenville, IA 25613",2025-01-31,Kiribati
11,Clifford Ford,ramosmichelle@example.net,"32677 Michelle Circle
South Aaron, MS 35261",2026-07-23,Slovenia
12,Jay Bernard,smoore@example.org,"Unit 9805 Box 0097
DPO AP 70116",2025-01-07,Malawi
13,Cody Larson,richarddavid@example.net,"169 Donovan Ford
Johnfurt, DC 88540",2025-12-30,Kuwait
14,Paul Jones,khowell@example.org,"425 Natasha Land
Ericside, VT 40152",2025-12-05,Sri Lanka
15,Aimee Montoya,sarah12@example.com,"824 Jacobs Stravenue
Jamesview, NY 64533",2025-03-17,United States of America
16,Anna Henderson,bradley52@example.net,"Unit 2786 Box 8011
DPO AP 20037",2025-10-18,Syrian Arab Republic
17,Juan Jordan,parkerrachel@example.org,"PSC 3315, Box 8692
APO AE 21800",2026-08-28,Sudan
18,Jason White,kimberly63@example.com,"0733 Bailey View
East Andrew, ID 52728",2025-05-12,Tonga
19,Raymond Bell,ifrazier@example.com,"USS Wiley
FPO AA 23906",2025-11-12,Estonia
20,Kyle Reed,samuel81@example.com,"PSC 3406, Box 0883
APO AA 57032",2024-11-05,Papua New Guinea
21,Lisa Alvarado,cortezkevin@example.com,"4823 Ortega Light Apt. 994
Kelleytown, ME 38107",2025-02-15,Solomon Islands
22,Mary Marshall,glowe@example.com,"148 Davis Terrace
Lake Lance, AS 26601",2024-12-31,Aruba
23,John Atkinson,gibsonolivia@example.net,"6320 Kimberly Forges Apt. 870
Port David, DC 61402",2026-01-15,Monaco
24,Tiffany Vance,jrivas@example.com,"PSC 7743, Box 4873
APO AA 58155",2024-11-10,France
25,George Orozco,taylorjesse@example.net,"66587 Brown Village
Priceshire, UT 03061",2026-06-02,Serbia
26,Karen Bender,karen68@example.net,"3467 Paul Skyway
Ramseymouth, PW 17229",2026-08-31,Martinique
27,James Elliott,millerroy@example.com,"5375 Juarez Light Suite 641
Smithside, AR 46371",2025-02-25,Bangladesh
28,Marissa Webster,jamessmith@example.org,"193 Lyons Trafficway Suite 299
Port Loriport, CT 76350",2024-10-03,Georgia
29,Susan Brooks,charlesvaughn@example.net,"919 Michael Meadow Suite 185
Port Robertfort, CT 57323",2026-08-17,North Macedonia
30,Julia Hernandez,jessicasheppard@example.com,"6945 Mariah Corners Suite 737
Rogersfort, PR 43101",2025-01-25,Croatia
31,David Ramirez,angela83@example.org,"8377 Mcguire Course Suite 363
Elizabethstad, NJ 73045",2025-10-07,Jamaica
32,Krista Bell MD,john13@example.com,"37498 Hooper Village
West Jeremy, HI 40119",2024-09-25,Martinique
33,Angel Brown,heidi27@example.org,"7752 Johnny Wall Suite 116
Joneston, FL 20056",2026-04-30,Yemen
34,Xavier Wilson,yobrien@example.net,"7496 Carroll Circle Apt. 334
East Johnside, CA 21018",2024-09-16,Korea
35,Julie Johnson,jasmine71@example.net,"936 Amy Rue Apt. 421
East Laurashire, PW 38329",2025-08-01,Lao People's Democratic Republic
36,Melissa Bender,mkim@example.org,"401 Suzanne Villages Apt. 490
South April, NV 36959",2025-01-25,Myanmar
37,Robert Costa,vbailey@example.com,"6746 Shawn Island
Marcusfurt, VI 67950",2026-05-10,Afghanistan
38,Kimberly Gutierrez,aprildean@example.com,"48247 Martinez Roads
Lake Eric, OH 02293",2025-10-23,Bermuda
39,Ryan Wilson,hollanderic@example.net,"7737 Patrick Rapid Apt. 146
Sarahhaven, KY 00837",2025-04-09,French Southern Territories
40,Lauren Keller,seanwashington@example.com,"5339 Hall Trail Suite 057
Hughesberg, NM 05353",2024-12-16,Nauru
41,Brian Kirk,foxstephen@example.net,"74596 Melissa Walk
Finleyfort, VI 71413",2024-10-11,Bangladesh
42,Michael Mitchell,juliehamilton@example.org,"2400 Flynn Hill
Nicholasberg, IA 70122",2025-07-12,Pitcairn Islands
43,Carolyn Miller,pharvey@example.com,"PSC 2374, Box 7407
APO AA 89316",2025-10-19,Barbados
44,Gregory Matthews,dvaughn@example.com,"1369 Andrews Squares Suite 064
New Michelleton, PW 79983",2026-03-12,Syrian Arab Republic
45,Donna Lindsey,jeffery39@example.com,"104 Johnson Lakes
North Renee, MD 98474",2025-07-15,Cook Islands
46,Joshua Mata,maria47@example.com,"71236 Davis Locks Apt. 481
Richardsonview, OR 50442",2026-05-08,Wallis and Futuna
47,Michael Ruiz,rose31@example.net,"612 Sophia Hollow Suite 113
South Shawn, TN 97905",2026-02-05,Mauritius
48,Patrick Moore,fpena@example.net,"53773 Garcia Spur Suite 850
Hillville, PR 60101",2024-11-20,Croatia
49,Linda Smith,john29@example.org,"335 Kristina Ranch
West Micheleberg, DC 71308",2025-03-16,China
50,Sean Anderson,kristy39@example.com,"26811 West Lake Apt. 783
Lake Kristahaven, ME 60537",2025-12-28,Antarctica (the territory South of 60 deg S)
51,John Morales,henryrenee@example.org,"PSC 5921, Box 2499
APO AP 93844",2025-05-10,Nepal
52,Jody Jacobs,mcguiredanny@example.net,"7365 Ross Stream
West Ronaldview, MN 20507",2026-01-29,Lebanon
53,Ronald Davis,garnernathan@example.org,"165 Parrish Stravenue Apt. 494
Dalehaven, IL 20781",2026-01-07,Czech Republic
54,Hayley Hawkins,farmeraudrey@example.com,"402 Park Inlet
Michaelburgh, VI 19277",2025-11-02,Iran
55,Patrick Bonilla,reesejason@example.com,"4599 Nicole Drives
Port Christine, TX 11194",2025-04-01,Panama
56,Lawrence Perry,kariwilson@example.com,"403 Joyce Centers Apt. 343
Port Jonathan, MD 16227",2024-09-20,San Marino
57,Carl Patel,vincentwhitaker@example.com,"0715 Berry Station
Robertsfurt, AK 43069",2025-01-18,Yemen
58,Sandra Gillespie,kimdaniel@example.com,"4535 Charles Roads
New Williamstad, MI 95840",2026-08-15,Oman
59,Cynthia Thomas,glennhernandez@example.net,"9979 Lin Road Suite 271
Ramosport, WY 36503",2025-11-20,Guinea
60,Emily Hayes,woodjustin@example.net,"986 Carpenter Turnpike
South Reginashire, SD 25173",2025-05-07,Lebanon
61,Tina Hayes,toni18@example.net,"778 Michael Haven
Ortizmouth, TX 78867",2024-10-23,Norfolk Island
62,Andrea Davis,umitchell@example.net,"Unit 9251 Box 9254
DPO AP 92052",2026-01-11,Bulgaria
63,Teresa Collins,vschneider@example.org,"685 Michael Falls
West Stacey, NM 25667",2025-02-27,Burundi
64,Edward French,stanleynancy@example.net,"22927 Robert Springs Apt. 794
Youngbury, ME 61975",2026-07-06,Congo
65,Travis Joyce,xhammond@example.com,"39240 Sawyer Plaza Apt. 814
Port Ethanmouth, MH 67787",2024-12-31,Jordan
66,Thomas Velasquez,sarah60@example.com,"1530 Galvan Villages
Laceyberg, AZ 38102",2026-07-16,Latvia
67,Brenda Thornton,fgilbert@example.org,"986 Kimberly Freeway
Davidbury, MT 84249",2026-04-17,Kuwait
68,Russell Porter,chenbailey@example.net,"95396 Elizabeth Corner Suite 188
South Morganton, SC 51210",2026-09-01,El Salvador
69,Heather Jones,jessicafuller@example.net,"05852 Pollard Neck Apt. 217
West Jamesborough, FM 05993",2025-05-03,Georgia
70,Virginia Daniels,benjamin34@example.com,"541 Kim Locks
Klinefurt, MA 24987",2025-09-12,Luxembourg
71,Robert Adams,acostachristian@example.net,"Unit 2845 Box 1154
DPO AA 58948",2025-11-28,Japan
72,Jeremy West,christina64@example.net,"Unit 0165 Box 8202
DPO AP 89379",2026-04-08,Antigua and Barbuda
73,David Brewer,patrick90@example.net,"5719 Alyssa Locks Suite 431
Lake Jacobhaven, MS 74120",2024-12-09,Singapore
74,Jeremy Davies,heather73@example.org,"2715 Mckinney Plaza
Patriciaburgh, VT 93504",2026-07-23,Northern Mariana Islands
75,Isaiah Walker,laurayoung@example.com,"8291 Kyle Stravenue Suite 866
East Teresaland, NV 61558",2026-01-24,Guatemala
76,Ronald Arnold,katrinaanderson@example.net,"PSC 0182, Box 4225
APO AP 30053",2025-05-25,Wallis and Futuna
77,Diane Miller,cynthiapierce@example.org,"299 George Road
Meganshire, AZ 04219",2024-11-13,Yemen
78,Laura Curtis,bmontgomery@example.com,"473 Evans Cliffs Apt. 276
Marshallmouth, PA 19331",2025-05-01,Saint Barthelemy
79,William Reed,xanderson@example.net,"71473 Colin Highway Suite 963
Port Mark, OK 95020",2025-05-01,Serbia
80,Zachary Owens,tyler16@example.net,"95004 Harper Ville
Mitchelltown, PR 14590",2025-07-26,Turkmenistan
81,Jacob Powell,moralesashley@example.org,"68784 David Court Suite 558
Kariborough, PA 67232",2025-07-05,Armenia
82,Chad Cook,jstone@example.net,"PSC 2595, Box 2694
APO AP 44590",2025-09-20,Malawi
83,Michelle Evans,richardsonemily@example.com,"749 Jennifer Prairie
Jacksonfurt, FL 89725",2025-03-10,Montserrat
84,Ashley Smith,robert63@example.com,"028 Ann Shore Suite 865
South Rhonda, MA 72102",2025-05-31,Sierra Leone
85,Melanie Lara,chelsea33@example.com,"4375 Bailey Underpass
Keithshire, TX 71698",2025-06-19,Indonesia
86,Tina Ballard,bobby15@example.com,"38484 Daniel Streets Apt. 308
Lake Jesse, CT 54673",2025-05-14,Latvia
87,Randy Smith,richarddonovan@example.com,"5401 Amanda Stream
East Robertburgh, PW 05264",2026-09-12,Indonesia
88,Charlotte Curry,nancy04@example.net,"7887 Melissa Mountain Suite 315
Lake Stephen, KS 94689",2025-01-28,Saint Pierre and Miquelon
89,Edward Craig,gregorychase@example.com,"61227 Boyle Avenue Suite 637
Stephanieport, OR 95250",2025-11-07,Eritrea
90,Melissa Brown,marshallerik@example.net,"145 Jeffrey Dale Suite 279
Robertside, PW 62213",2026-03-21,Spain
91,Colleen Wright,foxallison@example.com,"88398 Franklin Walk
Wilsonborough, VT 76935",2025-09-06,United Arab Emirates
92,Rhonda Chavez,dbryant@example.net,"064 Julie Prairie Apt. 065
New Virginialand, NJ 04660",2025-04-12,Cocos (Keeling) Islands
93,Pamela Good,ybrooks@example.com,"1825 Gregory Plain Suite 823
Port Andrewport, NH 88777",2026-02-21,Jamaica
94,Samantha Wright,eric31@example.org,"033 Craig Bypass Suite 903
South Scottside, IL 99379",2026-06-07,Azerbaijan
95,Wyatt Young,barbara53@example.com,"4408 Connie Meadow
Williamsstad, SD 88495",2025-06-20,Malta
96,Jason Hernandez,iwhite@example.com,"2708 Faulkner Point
South John, IL 43789",2025-12-31,Uzbekistan
97,Jacob Nichols,brettbennett@example.net,"98373 Turner Bridge
East Suzanne, DE 98395",2026-09-14,Lesotho
98,Melissa Padilla,jherman@example.com,"8544 Hunt Parks Suite 175
West Lawrence, AZ 74232",2026-06-07,Saint Vincent and the Grenadines
99,Dean Donovan,mphillips@example.com,"8547 Murray Street
Garyside, NM 24624",2026-07-16,Mauritius
100,Tina Warren DVM,landryelizabeth@example.org,"20387 Brown Route
Hopkinstown, AL 70259",2025-10-22,American Samoa
101,Nathan Nichols,andre62@example.org,"PSC 8233, Box 9845
APO AA 52523",2024-11-11,Iraq
102,David Terry,gabriella10@example.org,"700 Christopher Vista Suite 591
East Jasonshire, NJ 36033",2024-10-18,Belarus
103,Diana Daniels,whitemelissa@example.org,"USNS Goodwin
FPO AP 52706",2026-07-25,French Southern Territories
104,David Davenport,irhodes@example.com,"185 Connor Fort
West Cassiefurt, WI 43279",2024-10-06,Faroe Islands
105,Joanne Perez,rreynolds@example.net,"431 Joseph Light
Lake Peter, MN 14466",2024-11-20,Western Sahara
106,Ian Nelson,christopherjordan@example.net,"01581 Shields Bridge Suite 661
New Adriana, TX 50404",2025-01-16,Ethiopia
107,Johnny Brown,thill@example.com,"3799 Stephen Dale Suite 065
Brockmouth, NV 44375",2025-07-26,Swaziland
108,Valerie Taylor,carrie37@example.com,"4793 Bennett Viaduct Suite 519
New Wendy, HI 89854",2026-03-29,Anguilla
109,Julia Erickson,ssalinas@example.org,"724 Johnny Drives Suite 617
Aguilarside, NY 91164",2025-07-17,Argentina
110,Heather Woodard,rodriguezjohn@example.net,"656 Alex Green
New Julie, OH 76590",2026-01-29,Cyprus
111,James Barton,michaeljohnson@example.org,"25457 Adriana Keys
Davismouth, MD 09305",2025-04-22,Sudan
112,Alison Cooper,byrdfrank@example.net,"258 Mullen Fort
Sotoburgh, SC 86655",2025-07-27,Antarctica (the territory South of 60 deg S)
113,Sonya Cole,tprice@example.org,"182 Nguyen Mount
West Emilyfort, NC 84270",2025-05-01,Iceland
114,Laurie Bailey,rwilliamson@example.net,"251 Kevin Falls
Heatherhaven, MS 55320",2025-11-24,Morocco
115,Cody Reid,angelaburns@example.org,"050 Taylor Via Suite 887
Cohenchester, VT 58677",2025-09-06,Belize
116,Rebecca Walker,hillamanda@example.org,"819 Joseph Plains Suite 807
South Curtis, MP 86179",2026-03-17,French Southern Territories
117,Amanda Baker,gonzalesvictoria@example.org,"962 Kristen Via Apt. 095
Candiceburgh, MD 92782",2025-04-16,Montserrat
118,Scott Duke,taylorkaren@example.com,"PSC 4223, Box 2536
APO AA 19135",2025-11-10,Ethiopia
119,Jaime Jones,powellkara@example.net,"USNV Gibson
FPO AA 43399",2025-11-13,Trinidad and Tobago
120,Morgan Simon,sreid@example.com,"63745 Morgan Ports Apt. 975
North Corymouth, AK 16785",2026-07-25,Cayman Islands
121,Aaron Rubio,wendyblankenship@example.net,"54152 Randy Inlet Apt. 611
East Thomasberg, OR 30148",2025-09-29,Kenya
122,Michael Montoya,ebenson@example.org,"115 Ibarra Dam
Ayalaberg, SD 89254",2024-12-28,Marshall Islands
123,Lisa Martin,jennifer26@example.net,"12196 Richmond Island
East Joshua, CO 33028",2025-10-23,Netherlands Antilles
124,Dominique Pugh,abbottdominique@example.com,"640 Troy Creek
South Danielle, CA 69744",2026-06-25,American Samoa
125,Dr. Bonnie Valencia,rdiaz@example.org,"91043 Sandra Turnpike
Hunterhaven, WI 54952",2025-07-21,Iran
126,Joshua Jensen,christopher18@example.org,"Unit 2856 Box 9146
DPO AP 31779",2024-10-27,Benin
127,Audrey Salazar,parkerjudith@example.net,"202 Benton Pike
Garyberg, WA 35728",2026-03-04,British Indian Ocean Territory (Chagos Archipelago)
128,Alyssa Roman,alexandria49@example.net,"507 Michael Glens Apt. 913
North Micheletown, IA 06527",2025-08-25,Hungary
129,Cassidy Horne,tranrobin@example.net,"3654 Ashley Crest
East Jeffreyhaven, AZ 53051",2024-11-04,Lao People's Democratic Republic
130,Patricia Collins,tranalan@example.org,"937 Vargas Park Apt. 832
South Andrewside, MI 83855",2026-05-20,Turkey
131,George Blake,usweeney@example.com,"7024 Bradley Fort
Haynesstad, NH 98529",2024-11-15,Bhutan
132,Mandy Foster,grahamtamara@example.org,"5574 Charles Flats Apt. 912
East Shannonmouth, MT 16326",2025-10-11,Sierra Leone
133,Eric Baker,davislindsey@example.com,"52135 Palmer Springs
Jorgeburgh, AK 53505",2026-05-31,Moldova
134,Danielle Murray,davidbrown@example.org,"1994 Andrew Circles Apt. 721
Davidmouth, AR 22519",2026-07-21,Jersey
135,Jennifer Johnson,nthompson@example.org,"09993 Porter Plaza Suite 014
Taylorborough, SD 69420",2025-03-15,Spain
136,Alicia Reyes,timothy75@example.net,"2059 Anthony Valleys Suite 078
Katiebury, GA 13625",2025-03-14,Dominican Republic
137,Robert Stark,gallagherstacie@example.net,"2239 Drake Square Suite 905
New Stacy, MP 65018",2025-10-15,China
138,Brandon Hall II,nsmith@example.org,"250 Dylan Squares Apt. 185
West Janetfurt, OR 13743",2025-05-18,Gibraltar
139,Christopher Fry,lbanks@example.net,"Unit 9539 Box 2644
DPO AE 23793",2026-03-01,Yemen
140,Laura Rosales,whitelucas@example.net,"2513 Haas Expressway
Port Jennamouth, NV 01994",2025-03-27,Egypt
141,Hayley Buchanan,williamssamuel@example.com,"Unit 6765 Box 8617
DPO AP 85824",2026-03-22,Czech Republic
142,Benjamin Singleton,andrew41@example.org,"18159 Bush Meadows Apt. 962
North Markborough, MT 91883",2025-10-24,Uzbekistan
143,Deborah Campbell,codylong@example.net,"50614 Gonzalez Burg
East Danielle, CO 62572",2026-05-23,Gambia
144,Kaitlin Jacobson,christopher86@example.org,"2704 Marshall Fork Suite 902
North Elizabethside, MT 99651",2025-11-19,Micronesia
145,James Mills,parmstrong@example.com,"089 David Throughway Suite 223
East Brad, CO 90039",2025-07-29,Swaziland
146,Sandra Scott,millerangela@example.net,"709 Rodriguez Drive Apt. 999
North Annaville, WY 37999",2026-06-10,Turkmenistan
147,Jason Reyes,earmstrong@example.org,"99606 Vaughn Causeway Suite 450
Lisaport, ME 37246",2026-05-23,Togo
148,Annette Melton,kevinmanning@example.com,"137 Robin Lodge Suite 850
North Larry, NY 53373",2024-12-23,Thailand
149,Laura Thompson,marywright@example.com,"345 Wagner Roads Apt. 035
Wheelerburgh, VI 62705",2025-11-17,Guernsey
150,Ryan Green,mitchellpaul@example.org,"33468 Michelle Trafficway
South Rhondaburgh, PA 01610",2025-02-25,New Caledonia
151,Elizabeth Rasmussen,rodney65@example.com,"8969 Adrian Shore Suite 899
Kennethville, NJ 08868",2025-05-18,Falkland Islands (Malvinas)
152,Shannon Green,jacob83@example.org,"520 Bright Green Suite 660
West Jessica, IN 90458",2025-10-10,Slovenia
153,Todd Howard,megan82@example.com,"482 Pena Forges
Jeffreyport, MT 43927",2025-06-13,Myanmar
154,Samuel Ruiz,kennedyjames@example.org,"460 Derrick Flats Suite 697
West Michelle, HI 11093",2025-09-05,Norfolk Island
155,Mrs. Amy Hayes,kathleenjackson@example.org,"96666 Reyes Camp
Lake Nathan, AL 42734",2026-03-21,Marshall Islands
156,Michael Sims,jeremywiley@example.com,"942 Madison Hills Suite 789
Ryanberg, MA 64749",2025-06-04,Comoros
157,Terry Burnett,perezjessica@example.org,"821 Dawson Turnpike
South Nancyview, WI 70589",2025-12-13,Nepal
158,Mary Valdez MD,butleromar@example.net,"04618 Dean Squares
South Maria, CT 67555",2026-02-21,British Indian Ocean Territory (Chagos Archipelago)
159,Richard Jimenez,kimberlydecker@example.org,"2087 Haley Orchard Suite 300
North Maryfort, FL 12308",2026-04-07,Belarus
160,Ashley Scott,stephenmadden@example.com,"04556 Cody Trace
North Melissaburgh, MA 47362",2026-06-30,Zimbabwe
161,Sherry Davis,ian66@example.com,"762 David Stream Apt. 216
Phammouth, HI 80628",2025-06-19,Guinea-Bissau
162,Shari Hobbs,timothyfreeman@example.com,"5089 Tiffany Skyway
Aprilville, NE 87233",2026-02-27,Liberia
163,Michael Cruz,smithsarah@example.net,"17535 Williams Fork Suite 631
Wallaceshire, NV 12037",2026-06-02,Kiribati
164,William Mcgee,garciarobert@example.net,"948 Diamond Motorway
Michaelton, GU 29719",2026-05-24,Greenland
165,Lisa Kennedy,jennifer11@example.net,"4885 Brandon Expressway Suite 261
Cherylborough, DE 51998",2025-02-19,Sweden
166,Michelle Rodriguez,owilliams@example.net,"9827 Alyssa Causeway Suite 978
Lake Beth, VA 17328",2024-11-29,Palestinian Territory
167,Sonya Gordon,mbarnes@example.net,"5472 Robert Squares Suite 858
East Jason, VT 38587",2026-01-29,Uruguay
168,Vicki Santos,williambenson@example.com,"799 Craig Ville Suite 608
North Oscarton, TN 07920",2025-02-07,Sao Tome and Principe
169,Victoria Vega,maryvaughn@example.com,"7198 Julia Points
Youngport, UT 87597",2024-10-19,Hong Kong
170,Tyler Daugherty,tammy00@example.net,"59893 Kelly Fall Apt. 228
South Billyview, OH 35135",2024-12-18,Myanmar
171,Abigail Owens,billmcfarland@example.net,"9851 Fox Ferry Apt. 826
Davisbury, FM 28465",2026-01-12,Greenland
172,Daniel Goodwin,wbarajas@example.net,"3993 Felicia Islands Suite 164
Angelhaven, GU 49647",2025-09-25,Malawi
173,Andrew Villanueva,lukemiller@example.org,"133 Houston Ford
Lucasland, WA 90422",2025-01-05,Kuwait
174,Amanda Jones,lauragrant@example.net,"6766 Smith Spring Apt. 809
Port Julieton, UT 10015",2025-06-03,Macao
175,Richard Turner,campbellsara@example.com,"2832 Robles Vista
Susanberg, ME 89274",2026-06-24,South Africa
176,Maria Bernard,spencerangela@example.org,"814 Kaitlin Stream Suite 368
East Jack, RI 33628",2025-02-03,Cocos (Keeling) Islands
177,Latoya Brown,enewman@example.com,"39755 Emily Freeway Apt. 491
West Todd, MA 81286",2026-01-09,Puerto Rico
178,Krystal Diaz,susan20@example.com,"645 Erin Isle
Fordstad, WI 40539",2025-09-05,Botswana
179,Lawrence Wilkinson,patriciagonzalez@example.net,"108 Lisa Prairie
Hammondborough, PW 05305",2025-10-22,Mayotte
180,Kimberly Valdez,michaelwalker@example.net,"78816 Shaw Shore Apt. 928
South Erik, OK 74663",2026-01-09,Cameroon
181,Karen Howard,kathleenhall@example.com,"385 Harrison Motorway
North Tinamouth, CT 92741",2026-08-22,North Macedonia
182,Sandy Baker,nicholasgray@example.net,"463 Gomez Ways
Tommyfort, FM 79696",2024-09-19,Turkmenistan
183,Christopher Jones,jason22@example.com,"365 Timothy Neck
Clarkburgh, SD 54358",2024-10-01,Aruba
184,Kevin Taylor,macdonalddylan@example.org,"699 Natalie Stream
Staceyborough, NV 79999",2026-09-09,Trinidad and Tobago
185,Mr. Jason Thomas,cindydixon@example.org,"9913 Cruz Coves Apt. 388
Serranoville, HI 62874",2026-07-05,Netherlands Antilles
186,Richard Gordon,davisdonna@example.net,"686 Golden Square
Perezfort, WY 50470",2025-05-28,Spain
187,Pam Horton,colemanjonathan@example.org,"PSC 1498, Box 6430
APO AP 97972",2026-04-14,Morocco
188,Kelly Brooks,gwendolynstewart@example.com,"944 Cunningham Ridge Suite 636
Whiteside, OH 63908",2025-03-19,Gambia
189,Patricia Sanders,melissahopkins@example.net,"38658 Eugene Roads
Port Christopherberg, NJ 79176",2025-07-29,Bahrain
190,Jacob Lynch,zarias@example.net,"902 Gonzales Flats Suite 309
New Gavin, AZ 47652",2025-03-08,Afghanistan
191,Angie Hill,zgomez@example.com,"118 Barber Points
Michaelview, IN 79978",2026-08-19,Korea
192,Laura Green,jhunter@example.org,"84894 Church Port Suite 357
Mosleytown, NJ 15740",2025-03-22,Hong Kong
193,Wendy Rhodes,laurengutierrez@example.com,"434 Raymond Summit
Charlesburgh, NJ 41640",2025-05-31,Uganda
194,Catherine Reese,victorgonzalez@example.net,"33395 Kimberly Crest Apt. 790
Port Timothymouth, NM 75804",2026-06-11,Liechtenstein
195,Phillip Dixon,kwalker@example.org,"8085 Dalton Trail Apt. 718
Stewarttown, AL 88857",2025-02-15,Mozambique
196,Isaiah Hensley,amyyoung@example.com,"USNV Diaz
FPO AA 56068",2025-02-15,Reunion
197,Holly Morales,iwhite@example.net,"438 Chase Flat
Port Susan, FL 62496",2026-04-26,Christmas Island
198,Chad Barry,kristen44@example.net,"1203 Woods Roads
South Julieview, MN 47727",2025-10-29,Venezuela
199,Hailey Jenkins,michelle93@example.net,"5587 Preston Light
Stevenberg, VI 22465",2025-12-26,Vanuatu
200,Mark Duncan,millermatthew@example.com,"496 Barron Tunnel Suite 987
Jacksontown, DC 95891",2025-03-05,El Salvador
201,Mercedes Miller,randydavis@example.com,"8114 Christopher Loaf
Jeromeport, NV 82615",2024-12-16,Malta
202,Alyssa Alvarado,michelle78@example.com,"829 Welch Roads
Millsside, ME 46005",2025-09-01,Denmark
203,Jessica Diaz,eric00@example.net,"4780 Arroyo Neck
Albertchester, AS 38894",2025-11-24,South Africa
204,James Jenkins,kfoster@example.net,"3416 Zachary Union Suite 484
Lopezland, HI 18408",2025-04-14,Northern Mariana Islands
205,Jesse Graves,blopez@example.org,"14427 Jesse Drive
South Jeffchester, ME 65826",2026-09-13,Kyrgyz Republic
206,Amanda Miller,brianrowe@example.org,"46013 Wise Mills
Lake Virginia, ID 60903",2026-03-05,Bhutan
207,Vickie Kennedy,sharon20@example.net,"USS King
FPO AP 39667",2025-02-07,Tuvalu
208,Melvin Mcpherson,cynthianguyen@example.org,"3009 Barker Drives
Kellibury, GA 66026",2024-11-20,Niger
209,Wayne Malone,browndeanna@example.net,"73585 Quinn Brooks
Howardberg, KS 05676",2025-09-04,Kazakhstan
210,Kimberly Henry,amymorris@example.com,"82744 Gibson Trail
Grosstown, RI 48221",2026-04-04,Dominican Republic
211,Arthur Coffey,rlee@example.com,"456 Rodriguez Pike
North Maryberg, HI 04600",2025-02-09,Libyan Arab Jamahiriya
212,Andres May,hbarrett@example.net,"53910 Diana Village Apt. 705
Shortton, GU 81363",2025-03-28,Armenia
213,Sandra Miller,susandavis@example.net,"38392 Reese Trafficway Suite 761
Port Henry, MO 66652",2025-05-19,Cayman Islands
214,Lindsay Mahoney,andrea55@example.com,"593 Nicholas Plaza Suite 577
Smithton, LA 78588",2024-09-26,Burkina Faso
215,Elizabeth Evans MD,andrew48@example.net,"07522 Richardson Prairie
East Jonathan, ME 12547",2025-11-05,Montenegro
216,Morgan Cummings,sthompson@example.net,"409 Miller Centers
Michaelchester, MT 16300",2026-06-11,Denmark
217,Sarah Mcfarland,hbrown@example.org,"8320 Maddox Terrace
East Ryanfurt, FL 17827",2025-05-18,Lebanon
218,Amber Ross,rossryan@example.net,"8376 Ann Street
East Charles, WI 56870",2025-05-09,Uzbekistan
219,Ashley Gutierrez,michael55@example.net,"59792 Williams Viaduct Apt. 352
North Jodibury, RI 19857",2026-06-11,Svalbard & Jan Mayen Islands
220,Greg Brock,shannon05@example.org,"88487 Heather Skyway
South Brandyhaven, AZ 33984",2025-01-17,Finland
221,Michael Nelson,apena@example.org,"510 Dillon Run Suite 368
West Toddside, CO 24935",2025-02-07,Kuwait
222,Michelle Williams,matthew62@example.org,"4384 Connie Wells Suite 084
East Matthew, MO 86606",2024-12-24,Saint Lucia
223,Tyler Salazar,robertberry@example.com,"Unit 9578 Box 2329
DPO AP 90160",2026-04-22,Tokelau
224,Michael Roach,russellstout@example.org,"1881 Lonnie Drive
Port Lucaschester, MT 40261",2025-08-04,Vietnam
225,Mallory Rodgers,kimberlyrodriguez@example.org,"993 Jerry Burg Suite 172
Josephstad, HI 51286",2025-09-08,Burundi
226,Darrell Ortiz,schaeferstephanie@example.org,"12797 Delacruz Gateway
Sullivanton, PA 96882",2026-05-09,Saint Helena
227,Logan Newton,meyershannon@example.org,"860 Black Roads
East Kellyfurt, FM 40419",2026-04-02,France
228,Jay Austin,vaughnrebecca@example.com,"81298 Phillip Islands Suite 027
South Christopher, MD 91165",2026-01-01,Rwanda
229,Michelle Martinez,mccarthycynthia@example.org,"892 Pierce Cape Apt. 592
Port Duane, WI 93830",2024-10-22,Gambia
230,Randy Griffin,davidanderson@example.org,"77780 Young Radial Suite 767
New Carolbury, FM 72242",2025-04-06,Niue
231,Samantha Williams,brianbailey@example.org,"1016 Evan Haven Apt. 795
North Kaylamouth, MN 50169",2026-05-06,Senegal
232,Joshua Carter,davidvillarreal@example.com,"390 Ashley Roads
South Jenniferport, NE 80303",2026-05-26,Eritrea
233,Whitney Gomez,christinacrawford@example.net,"93430 Andrew Road Apt. 396
Williamsstad, OH 84059",2025-02-17,Northern Mariana Islands
234,Douglas Tyler,kevin85@example.org,"6990 James Village Suite 770
South Eric, NH 70882",2026-07-01,Kyrgyz Republic
235,Jennifer Newton,annette58@example.net,"1240 Terrell Road Apt. 996
New Darryl, WY 99006",2025-04-28,Togo
236,Andres Gutierrez,xwiley@example.com,"84215 Kimberly Course Suite 807
East Matthew, NJ 96503",2026-06-14,Georgia
237,Briana Wiggins,jamiejohnson@example.com,"40915 Small Cove
Andrewport, SC 28005",2025-05-07,Congo
238,Joseph Mejia,nelsoneric@example.org,"85854 Sherry Unions
Audreyburgh, CA 41313",2025-12-06,Guadeloupe
239,Amber Johnson,rodriguezbrian@example.com,"545 Jennifer Skyway Apt. 792
Port Leahmouth, CT 60215",2025-04-29,Norway
240,Julie Hall,douglashuang@example.com,"PSC 6255, Box 7701
APO AA 15297",2025-05-29,Kyrgyz Republic
241,Diane Bailey,williamsullivan@example.net,"148 Morales Loop Apt. 938
South Patrick, MA 27795",2026-05-02,Nauru
242,William Bradley,amy32@example.net,"99758 Lynn Fall Suite 619
Lake Lisafurt, MD 65289",2025-12-29,Bahamas
243,Robert Clay,shermandonna@example.com,"973 Erin Island Suite 946
Veronicashire, AL 80650",2026-09-05,Iraq
244,Sarah Brown,smithann@example.com,"36965 Sullivan Mews Apt. 272
New Patrick, MN 55188",2025-01-05,Tunisia
245,Brandy Jones,thomasnicole@example.net,"26796 Shawn Manors
Cruzbury, HI 56176",2025-11-30,Morocco
246,Dr. Michael Adams DVM,arthur09@example.com,"712 Marshall Common
East Thomasland, TX 83559",2025-10-13,Mozambique
247,Anthony Cooper,harrisonwilliam@example.com,"5442 Heather Ranch Suite 940
Laneshire, AR 86526",2026-09-07,Sudan
248,Alyssa Washington,williamyork@example.com,"4019 Renee Streets Apt. 752
Kimberlybury, NM 24200",2026-04-21,Tokelau
249,William Coffey,marymullins@example.com,"723 Brown Greens
North Garyfurt, NJ 40001",2025-08-28,Yemen
250,Kim James,jwells@example.net,"7658 Connor Place
Stephaniechester, RI 85968",2026-06-03,Grenada
251,Robert Scott,rmurray@example.net,"525 Emily Village
North Roberthaven, CT 90350",2025-08-06,Cyprus
252,Darlene Johnson,brownbrooke@example.org,"USS Erickson
FPO AE 11823",2026-06-02,Bulgaria
253,Phillip Wong,pauladominguez@example.com,"746 Scott Tunnel
West Kimberlyfurt, MS 44102",2026-09-12,Eritrea
254,Deborah Alexander,mkrause@example.net,"28639 Rita Stravenue Suite 101
New Jessicamouth, AK 65735",2025-01-01,Northern Mariana Islands
255,Andrew Myers,isabelconway@example.net,"6618 Aaron Spurs Suite 198
Mathewport, MO 07735",2025-12-20,Oman
256,Joseph Woodward,randallkathleen@example.com,"063 Dominguez Coves
Tommouth, WA 25334",2024-12-26,Congo
257,Zachary Allen,ibrown@example.net,"05050 Wilson Valley Suite 829
North Benjamin, FL 64581",2026-01-05,Latvia
258,Lisa Sanchez,alexischen@example.com,"9291 Danny Ranch
North Linda, NE 44717",2026-04-30,Saint Pierre and Miquelon
259,Erika Daugherty,marcoconnell@example.org,"1142 Jackson Land
South John, OR 05835",2024-12-21,Somalia
260,Lisa Strickland,hobbschristopher@example.org,"946 Schwartz Ford
Lake Joseph, NV 54506",2025-03-08,China
261,Amanda White,fsalazar@example.net,"6083 David Pines Apt. 958
South Kaylee, TN 27778",2025-04-04,Congo
262,Chase Anthony,kjimenez@example.net,"PSC 0543, Box 6459
APO AA 06178",2024-11-30,Austria
263,Casey Floyd,erobertson@example.org,"3531 Perez Freeway Suite 363
South Brendaton, FM 57630",2024-12-29,Vanuatu
264,Cassandra Brooks,ocortez@example.com,"Unit 3520 Box 9042
DPO AE 61519",2025-08-15,Chile
265,Colleen Phillips,kristinelittle@example.net,"PSC 9831, Box 6873
APO AP 62562",2026-05-19,Fiji
266,Jeffrey Salas,markriley@example.net,"USS Butler
FPO AE 05751",2026-09-08,Saint Martin
267,Amanda Schmidt,spacheco@example.org,"80632 Phillips Rue
North Timothyport, GA 92684",2025-08-16,Montserrat
268,Allison Gibson,morgansullivan@example.com,"165 Kenneth Terrace
Helenside, OK 27652",2026-04-13,Belgium
269,Gabriela Randolph,pamela16@example.com,"5281 Devon Isle
New Daniel, NJ 97150",2026-08-01,Mozambique
270,Michele Mullins,lukehurst@example.net,"15577 Theodore Place Suite 795
East Patriciamouth, CO 11009",2025-06-27,Christmas Island
271,Tyler Rodriguez,daniel27@example.org,"6827 Fisher Street
West Jaimetown, VI 30952",2026-05-17,Mali
272,Jennifer Cooper,todd88@example.com,"2437 Arellano Trail
East Michaelmouth, GA 81586",2026-07-21,Rwanda
273,Catherine Thompson,evanwilson@example.com,"5238 Elizabeth Key Apt. 578
New Kevin, PW 03767",2025-07-07,Luxembourg
274,Theresa Reilly,adamrodgers@example.net,"4929 Morgan Creek Suite 028
West Angelbury, NV 47345",2024-11-21,Azerbaijan
275,Christie Fox,james18@example.com,"637 Morrison Pass
Lake Michaelberg, VT 56552",2025-06-11,Holy See (Vatican City State)
276,Gregory Parker,fsawyer@example.org,"674 Linda Manors Suite 299
East Jaredfort, VI 69353",2026-09-05,Bahrain
277,Leslie Bennett,ortizrobin@example.com,"923 Marisa Highway Suite 049
Troymouth, IN 04018",2026-04-15,Cape Verde
278,Tyler Flowers,qmartinez@example.com,"301 Snyder Cliff Suite 979
Oneillfort, UT 16175",2025-06-14,Saint Martin
279,Sarah Martin,thomassteven@example.net,"45650 Carter Route
New Jamesburgh, WV 12888",2025-11-26,Chad
280,Shelia Serrano,joseph51@example.net,"28457 Peterson Estates
East Ericbury, MP 25197",2026-04-18,Monaco
281,Sandra Fox,butlersabrina@example.org,"5452 Preston Ranch
Geraldport, AK 98078",2026-05-02,Cyprus
282,Michael Watts,david21@example.com,"07603 Antonio Shoals
South Davidview, AZ 09184",2025-04-23,Algeria
283,Rachel Mora,brianagonzalez@example.net,"49552 William Cliff
Port Belindatown, NC 28943",2026-02-19,Finland
284,Paul Smith,glasssamantha@example.net,"1256 Lewis Forks
Rodriguezmouth, DE 61567",2024-12-04,Burkina Faso
285,Isaiah Roberts DDS,murphydarrell@example.com,"738 Roberts Walk Suite 317
Harryfort, TX 14286",2025-07-01,Mali
286,Angela Thomas,gneal@example.net,"PSC 2153, Box 5396
APO AE 31023",2026-05-19,Saint Kitts and Nevis
287,Dr. Ralph Wheeler DDS,qkelly@example.net,"USCGC Dixon
FPO AE 60090",2024-12-02,El Salvador
288,David Dunlap Jr.,greertyrone@example.org,"Unit 6952 Box 4991
DPO AE 87150",2026-03-17,Seychelles
289,John Carter MD,amy88@example.org,"USS Ewing
FPO AE 50784",2025-08-09,Timor-Leste
290,Joe Johnson,nicole27@example.com,"1978 Alvarez Walk Apt. 806
Troyfurt, RI 89169",2025-05-30,Finland
291,Alfred Williams,michael90@example.net,"5565 Donna Gateway
Lake Larry, CO 90677",2024-11-01,Gambia
292,Christopher Ryan,murraymichelle@example.net,"0790 Gray Loaf Suite 917
Lake Emilymouth, NM 66399",2026-04-30,Papua New Guinea
293,Lucas Cox,oharris@example.org,"4049 Ballard Road
Lake Meganville, OR 44651",2025-04-02,Montenegro
294,Karen Clark,pearsonkevin@example.com,"66498 Powers Plaza Apt. 082
Lewismouth, KY 84115",2025-10-08,Nicaragua
295,Susan Michael,boydmichael@example.org,"6513 Adams Heights Apt. 493
Allenberg, ID 04132",2025-03-13,Sweden
296,John Esparza,clucas@example.org,"44820 Casey Centers
West Carolynland, MH 53848",2026-07-01,Paraguay
297,Ann Hahn,joelduncan@example.net,"USNV Crawford
FPO AE 31706",2025-11-26,Sierra Leone
298,Erin Silva,vshaffer@example.org,"USNS Thomas
FPO AE 28564",2026-08-24,Kazakhstan
299,Scott Brown,holly15@example.net,"2575 Smith Rest
Port Joditon, UT 88528",2025-03-08,Micronesia
300,Mark Haynes,nicholsjoel@example.com,"4134 Michele Estates Suite 560
Michellefort, NJ 97093",2025-07-13,Tajikistan
301,Jay Sellers,hollowayholly@example.net,"857 Kathleen Row Apt. 720
Gonzalezport, MD 75973",2024-11-14,Cayman Islands
302,Micheal Saunders,melaniejennings@example.com,"2954 Christopher Land
South Nancy, MP 75263",2025-02-25,Yemen
303,Justin Salazar,rebeccamccann@example.org,"69694 Christopher Land
New David, VT 69423",2025-07-29,Uruguay
304,Samantha Snyder,jenniferlee@example.com,"2639 Wanda Haven Apt. 626
North Kelly, KS 31366",2025-12-09,United States of America
305,Kevin Holland,smithdean@example.com,"Unit 6366 Box 9411
DPO AP 08201",2024-10-23,Venezuela
306,Terry Barajas,smithwilliam@example.com,"528 Beverly Green Apt. 875
Andersonmouth, VT 70024",2025-07-28,Eritrea
307,Andrew Anderson,julie64@example.com,"562 Doyle Overpass Apt. 870
East Brian, HI 05201",2025-08-24,Central African Republic
308,Jessica Carney,wwilliams@example.net,"1215 James Haven Apt. 284
New Whitney, AL 69446",2026-03-28,Cocos (Keeling) Islands
309,Billy Tate,clayanthony@example.net,"Unit 1659 Box 1520
DPO AE 60824",2026-05-14,Palestinian Territory
310,Mark Adams,riverabradley@example.net,"USNV Meza
FPO AP 75101",2024-12-18,Tokelau
311,Mason Morris,manningamy@example.net,"2361 Melissa Estates Suite 642
West Travischester, WA 41146",2026-07-06,Netherlands
312,Max Collier,tracymcclure@example.com,"65926 Davis Passage Suite 732
Rosehaven, CO 38604",2025-08-22,Belgium
313,Karen Hernandez,gabrielleevans@example.org,"081 William Pass Suite 617
Michaelshire, CO 66488",2024-09-26,Saint Vincent and the Grenadines
314,Cassie White,awilliams@example.net,"794 Levy Well Apt. 321
Monicaville, NE 70542",2024-09-28,Indonesia
315,Christopher Woods,vmelton@example.net,"956 Miller Dale Apt. 310
Port Anthony, NJ 85517",2024-12-29,Dominican Republic
316,Mark Tyler,christophercarrillo@example.org,"22777 Michelle Prairie
East Kenneth, MP 51846",2024-10-22,Algeria
317,Ryan Reynolds,vallison@example.net,"76789 Hall Circle Apt. 695
West Patriciachester, FM 62542",2024-12-09,Nigeria
318,Hannah Terry,martinjessica@example.com,"395 Anderson Hill
Moyerstad, WY 62409",2026-04-21,Tanzania
319,Daniel Vazquez,estradadavid@example.org,"67433 Yvette Knolls Suite 522
Port Brycechester, DE 81446",2025-02-27,Monaco
320,David Peterson,kayla84@example.org,"077 Theresa Tunnel
Port Annahaven, CT 22396",2025-12-18,Trinidad and Tobago
321,Isaiah Chandler,fgill@example.net,"552 Melinda Mill
Hammondtown, IA 62585",2025-05-22,Madagascar
322,Derek Espinoza,qward@example.org,"26667 Acevedo Mills Apt. 081
West Leroyburgh, NE 08557",2025-06-29,Argentina
323,Margaret Orr,levinetina@example.net,"6845 Smith Harbors Apt. 673
Terryfurt, WI 26360",2026-06-20,Belize
324,George Hardy,abigailfernandez@example.org,"520 Pamela Plains Suite 346
Lake Brianstad, KS 82681",2025-09-20,British Virgin Islands
325,Matthew Martinez,ashley07@example.com,"Unit 9989 Box 3544
DPO AP 94198",2025-11-07,Burundi
326,Kelly Wright,zachary35@example.com,"1106 Thomas Mission Apt. 586
Wigginsshire, NM 83923",2025-07-21,Kazakhstan
327,Theresa Dennis,jcolon@example.net,"88137 Johnson Estate Suite 196
North Mikeport, AZ 69022",2025-01-04,Holy See (Vatican City State)
328,James Carter,moodydouglas@example.net,"3270 Amy Cliff Apt. 679
Arielmouth, WY 49955",2025-08-27,Saint Helena
329,Brandi Taylor,qgill@example.com,"99663 Morgan Cape Suite 412
New Crystalport, OH 85063",2024-12-14,Monaco
330,Tyler Weaver,bernardaimee@example.com,"82043 Maria Villages
Millerside, PA 42500",2025-07-05,Aruba
331,Timothy Morgan Jr.,heathlogan@example.com,"242 Jonathan Corners
West Stephanie, TX 22677",2024-10-28,Greece
332,Micheal Evans,floresrobert@example.com,"33993 Romero Parkways
Averyview, AR 42225",2025-08-20,Ireland
333,Allen Schultz,adamstabitha@example.net,"9671 Krista Divide
Amberburgh, WY 32634",2025-10-12,Jamaica
334,Kristen Williams,nwoodward@example.com,"07494 Kidd Ville
New Mary, LA 06462",2025-01-10,Martinique
335,Elizabeth Foster,rivasjessica@example.com,"855 Petty Station
Nelsonmouth, MA 28107",2025-08-16,Netherlands Antilles
336,Thomas Anderson,lynchadam@example.org,"768 Kristin Run Apt. 807
West Teresafurt, GU 79316",2025-06-03,Christmas Island
337,Robin Terrell,fordsharon@example.com,"5319 Stokes Forges
South Tammy, AZ 37300",2025-09-09,Romania
338,Christine Gonzalez,rrodriguez@example.net,"399 Cameron Crossroad
East Jordanshire, PR 30380",2026-06-20,Saint Lucia
339,Cheryl Gregory,erin70@example.com,"6641 Simpson Path
Lake Jeffreyview, PW 55559",2025-10-08,Germany
340,Cory Miller,mooneyjeremiah@example.net,"32541 Anthony Meadows
New Lauramouth, MP 33322",2025-03-14,Lebanon
341,Glen Brown,april31@example.net,"791 Terri Bypass
Edwardsland, WY 17217",2024-10-30,Spain
342,Eric Sims,garciabrian@example.org,"1963 Shawn Mountain Suite 991
Debratown, NH 68293",2025-05-12,Congo
343,Adam Reeves,rebeccamartinez@example.net,"9723 Laura Circle Apt. 496
Larryside, WI 19588",2024-12-31,Georgia
344,Donna Cordova,brianhunter@example.net,"3331 Lopez Mountains Suite 959
Christinachester, MA 21771",2024-11-30,Turkey
345,Amanda Robinson,fowlerheather@example.com,"5636 Margaret Avenue
Alejandrostad, AK 73205",2024-12-08,French Guiana
346,Mark Durham,bradley03@example.org,"2583 James Fall
Reneetown, MP 89296",2024-12-24,Palau
347,Ashley Boyle,stephen55@example.net,"112 Laura Fields Suite 559
Rowlandbury, PW 06555",2026-03-26,Namibia
348,Joseph Clarke,john42@example.net,"Unit 7317 Box 9128
DPO AA 98976",2026-06-21,Sao Tome and Principe
349,Kathleen Marshall,jennifer87@example.net,"USCGC Adams
FPO AA 84138",2026-07-19,Myanmar
350,Christine Jacobson,zroy@example.org,"254 Dennis Corner Suite 785
New Blake, NY 81913",2025-05-18,Korea
351,Jason Ballard,joshua02@example.com,"1488 Kristi Forks
North Charleston, ND 26755",2025-05-16,Peru
352,Eric Ochoa,james92@example.net,"44566 Thomas Passage Apt. 633
South Jesus, OR 72933",2026-03-22,Saint Helena
353,Gina Miller,roymcmahon@example.com,"052 Kevin Street Apt. 755
South Ronald, WV 53371",2026-03-25,Portugal
354,Erika Johnson,weekseric@example.com,"3618 Lopez Coves Suite 974
East Damonside, HI 04703",2026-05-11,Netherlands
355,Cody Jones DVM,jamie48@example.org,"025 Myers Creek Apt. 867
South Stephanieborough, DC 27459",2025-04-29,Svalbard & Jan Mayen Islands
356,Karen Munoz,briana87@example.com,"1693 Kent Overpass
Fordton, WA 12442",2025-04-13,Turkmenistan
357,Hannah Kirby,peter26@example.org,"6291 Hale Cape Apt. 248
Elizabethland, UT 95729",2026-02-24,Cuba
358,Jennifer Gill,carneycharles@example.org,"7243 Steven Cliffs Suite 656
South Benjamin, KS 15532",2026-02-14,Burkina Faso
359,Paul Washington,millerdiane@example.net,"USNS Ruiz
FPO AA 21651",2025-01-17,Andorra
360,Cassandra Martinez,qjackson@example.org,"5230 Scott Causeway
South Hannahmouth, AR 78908",2024-09-18,Sierra Leone
361,Dakota Wright,jamessmith@example.org,"Unit 5313 Box 1220
DPO AA 67675",2024-12-02,Greece
362,Mark Weber,hmcmillan@example.org,"2065 Paul Mount Apt. 149
Bradleyborough, MT 40023",2026-03-29,Luxembourg
363,Mrs. Kimberly Mooney,johnathandavis@example.com,"Unit 6252 Box 5715
DPO AE 80262",2026-07-12,Kiribati
364,Martin Hall,hallchristina@example.org,"91025 Phillips Drive Suite 303
Stevensonmouth, DC 36955",2025-05-04,Solomon Islands
365,Kelly Madden,karen35@example.com,"339 Boyd Falls
Sotoland, VI 64941",2024-11-05,Congo
366,Willie Mays,christopherwatkins@example.org,"7423 Roger Rest
West Justin, NV 83810",2025-02-09,Tokelau
367,Angela Kaufman,egray@example.com,"70661 Larson Drives Apt. 467
Shawnfurt, OH 79933",2025-09-01,Grenada
368,John Moore,adamhensley@example.net,"6656 Parker Radial Apt. 601
Frederickburgh, ID 57687",2026-08-14,Sierra Leone
369,Miranda Hicks,xreid@example.net,"3370 Mccoy Springs Apt. 249
Blackburnberg, KS 32930",2025-11-28,Zambia
370,Candice Wilson,newmansabrina@example.com,"362 King Hollow
Willischester, WV 95875",2026-06-11,Botswana
371,Paula Cooper,josephclark@example.net,"27011 Warren Shoal Suite 622
Jacobberg, ID 64263",2025-01-25,Yemen
372,Keith Lewis,brianwhite@example.org,"9121 Miller Crossing Suite 150
South Todd, WV 13714",2024-09-21,Ethiopia
373,Adrienne Aguilar,davisalexa@example.org,"7596 Wood Junctions Suite 356
Bishopstad, VI 43788",2026-04-26,Afghanistan
374,Michael Hardy,anthonymartinez@example.net,"7978 Keller Alley
Allenstad, VI 06498",2026-08-23,Saint Pierre and Miquelon
375,Jeremy Lawson,ystevenson@example.org,"164 Jennifer Ways Apt. 271
Marisaside, VI 61685",2025-01-15,Kiribati
376,Karen Fernandez,jasonmullins@example.net,"0256 Robinson Glens
Lynnville, TN 18294",2026-07-20,North Macedonia
377,Ann Holt,sarahmiranda@example.net,"6863 Jonathon Highway Apt. 115
Lake Sheri, OK 48701",2024-12-17,Germany
378,Laura Smith,lawrencejames@example.com,"Unit 5528 Box 9931
DPO AA 01705",2025-10-12,Kuwait
379,Robert Phillips,vincentbryant@example.net,"548 Joshua Vista
Welchborough, NM 38707",2026-02-11,Honduras
380,Robert Hernandez,melaniemichael@example.org,"76420 Rogers Springs
Mooneyfurt, MO 09915",2025-10-05,Finland
381,Thomas Haynes,udavis@example.net,"472 Scott Orchard
Phyllisborough, IL 98592",2025-02-04,Pakistan
382,Nicholas Johnston,nicholasmcgrath@example.net,"57201 Watkins Drive
Sanchezville, IA 52490",2025-09-06,Portugal
383,Carrie Mcgee,stricklandmichelle@example.net,"0111 Tracy Skyway Apt. 099
Hillville, WY 78210",2025-01-25,Liberia
384,Dr. Elizabeth Martinez MD,richardhaynes@example.com,"89813 Henry Rapid Apt. 087
Davidberg, OK 27531",2026-01-04,Benin
385,Sarah Johnson,huntermichael@example.net,"40848 Taylor Overpass
Alexandrastad, PA 71045",2025-09-22,Portugal
386,Robert Young,donaldchase@example.org,"USNS Vargas
FPO AA 17342",2026-03-01,Jamaica
387,David James,ricardomiller@example.com,"314 Jennifer Port
South Lorraine, MD 57337",2025-06-18,Netherlands
388,Devin Schmidt,ojones@example.org,"2340 Nicholas Forges Suite 112
Briannafort, CT 69832",2025-05-27,Montserrat
389,Kristen Lawson,jacksonstacey@example.com,"9240 Diane Divide Suite 940
Jasminebury, TX 80284",2025-07-17,Kuwait
390,William Lindsey,joshua68@example.net,"1465 Cynthia Club
North Frederick, AR 11587",2026-03-11,Micronesia
391,Rhonda Smith,urhodes@example.org,"0930 Park Summit
Johnhaven, TX 80349",2024-10-15,Kiribati
392,Megan Macias,gregoryrichardson@example.org,"7625 Matthew Springs
Port Amber, WI 15949",2025-04-14,Liberia
393,Daniel Rojas,trobinson@example.net,"9705 Christina Isle
Michaeltown, MI 95191",2025-01-28,Guinea
394,Jeffrey Gonzalez,robertgentry@example.org,"76545 Mcclain Plain Suite 177
East Michael, NE 01262",2025-06-04,Trinidad and Tobago
395,Ashley Mitchell,ralphmanning@example.org,"4167 Marsh Station
West Karen, WI 52913",2025-09-16,Uzbekistan
396,Samantha Anderson,sparksdavid@example.com,"56906 Roberts Oval
Port Royberg, VA 67510",2025-01-29,Fiji
397,Sharon Gamble,elizabethpatterson@example.com,"892 Victoria Ramp
East David, MO 05529",2025-04-02,Congo
398,Jessica Jensen,linomar@example.net,"56708 Schneider Hollow
West Michaelstad, VT 55298",2025-03-14,Ukraine
399,Andrew Williams,jason74@example.net,"7554 Collin Bridge
West Michael, AS 47868",2026-03-11,Namibia
400,Jacqueline Santos,breannamiller@example.org,"93371 Shelly River
Kevinfort, WV 26977",2025-10-09,Cape Verde
401,Corey Pierce,patricia85@example.com,"1768 Gary Harbor
West Brandon, OK 08469",2026-04-17,Puerto Rico
402,Robert Simpson,martinkaren@example.com,"9432 Ernest Forge Apt. 878
Kevinbury, LA 93333",2025-03-30,British Indian Ocean Territory (Chagos Archipelago)
403,Angel Allen,bowmansheri@example.com,"PSC 4033, Box 8105
APO AP 79820",2026-08-25,Greece
404,Michael Dunn,rickycarr@example.com,"Unit 0534 Box 2408
DPO AP 76950",2024-12-01,Samoa
405,Theresa Scott,lisawalker@example.com,"73652 Davis Falls Suite 223
Hardingburgh, SD 37469",2024-09-30,Central African Republic
406,Ruth Mcdaniel,chadjones@example.org,"82091 Cruz Creek Apt. 023
West Douglastown, WY 01732",2026-08-15,Botswana
407,Sabrina Farrell,harristimothy@example.net,"5723 Amy Grove
North Malloryville, ND 39395",2024-11-28,Turks and Caicos Islands
408,Brenda Barr,perezpaul@example.com,"617 Vicki Fork
West Michaelmouth, DE 47751",2026-07-21,Uruguay
409,Andrew Hernandez,mmoreno@example.org,"494 Hutchinson Groves
Stanleyview, AS 93733",2026-04-21,Solomon Islands
410,Timothy Hernandez,lukemyers@example.net,"19642 Marcus Crossroad Apt. 655
Colemanchester, PA 83941",2025-05-16,Spain
411,Tammy Reyes,fryan@example.net,"1968 Jacqueline Freeway
Aarontown, MN 73688",2025-08-26,Burkina Faso
412,Amy Bailey,kenneththomas@example.net,"Unit 6333 Box 0212
DPO AA 96587",2024-10-04,Jamaica
413,Michael Bates,woodsbrittney@example.org,"13109 Hernandez Falls Suite 284
Jenkinsmouth, NV 85022",2026-02-04,France
414,Anthony Day,wesleysmith@example.com,"498 Fletcher Manors Apt. 418
Spenceberg, WA 28270",2025-07-04,Azerbaijan
415,Clinton Reese,velasqueztaylor@example.com,"2056 Joseph Cove Apt. 595
East Julianside, CT 09062",2025-02-16,Algeria
416,Ellen Arnold,allenchristopher@example.net,"05140 Walton Locks Apt. 565
Lake Emily, MA 53884",2026-07-01,Macao
417,Robert Hernandez,cwoods@example.com,"13322 West Curve Suite 459
Williamsfurt, IA 27871",2026-09-12,New Caledonia
418,Christian Burton,adavis@example.org,"171 Edwards Hill Apt. 149
Michaelland, HI 93647",2026-04-01,Eritrea
419,Dr. Pamela Ramos,shelbybonilla@example.com,"6927 Hunt Road Suite 516
Bakerton, RI 84893",2024-10-26,Somalia
420,Roberto Smith,robertseric@example.com,"7157 Day Viaduct
Rodriguezburgh, VA 14702",2026-07-16,Uzbekistan
421,Jeffrey Morales,stewartwendy@example.com,"47082 Thomas Forest Suite 909
Brownstad, WY 56876",2026-08-30,Croatia
422,Sean Cisneros,onelson@example.org,"6147 Warren Skyway
Jackton, CO 56669",2025-05-22,Sao Tome and Principe
423,Craig Mcmahon,salvarez@example.org,"Unit 6596 Box 0893
DPO AE 95229",2026-01-15,Nicaragua
424,Matthew Colon,alexis72@example.com,"648 Vanessa Village
Lake Shannon, OR 13273",2024-10-11,Samoa
425,Jennifer Payne,carolynrobinson@example.org,"USS Wood
FPO AA 02623",2025-04-23,Gambia
426,Sharon Lyons,wgutierrez@example.com,"512 Patterson Fall Apt. 866
Meganchester, SC 37626",2026-02-09,Wallis and Futuna
427,Shannon Cowan,davisallen@example.com,"789 Elizabeth Walk
Lewismouth, OH 50449",2024-12-07,Togo
428,Caleb Ponce,pgutierrez@example.net,"53844 Parker Underpass Suite 306
North Anthonystad, MP 68522",2026-05-06,Netherlands Antilles
429,Christopher Armstrong,zallen@example.org,"96262 Strong Path Apt. 631
New David, OK 51882",2026-05-23,Niue
430,Sara Moore,james10@example.com,"98196 Julia Curve
Waltersstad, HI 31921",2026-01-04,Cyprus
431,Joseph Sanchez,qtownsend@example.org,"091 Stephen Ranch
North Donaldview, MH 24176",2024-11-21,Lithuania
432,Susan Clark,henryandrew@example.org,"66572 Kent Fall
North Theresastad, NJ 80979",2025-11-26,Albania
433,Patrick House,catherineherrera@example.net,"51305 Jeffrey Stream
West Joshua, ID 12555",2025-05-27,Micronesia
434,Julie Lamb,zhunt@example.org,"461 Martin Ford
Hamiltonmouth, NE 78663",2026-03-14,Suriname
435,Brian Reyes,ashleybrooks@example.net,"08496 Munoz Wells Suite 601
Port Marcus, WY 24869",2025-06-03,Barbados
436,Jacob Thomas,david50@example.net,"538 Paul Rapids Apt. 831
Jenniferland, OK 85208",2025-07-19,Saudi Arabia
437,Robert Gonzalez,langvictor@example.com,"2959 Young Brooks
Andrewshire, AL 61026",2025-04-10,Tajikistan
438,Amanda Ferguson,rogersallen@example.com,"445 Ross Point Suite 790
Evansmouth, NM 84530",2026-08-22,British Virgin Islands
439,Teresa Garcia,brandonsmith@example.org,"Unit 6321 Box 3580
DPO AP 07381",2025-03-23,Slovenia
440,Anthony Torres,mark96@example.com,"712 Atkins Terrace
Walshville, NC 69653",2025-03-09,Lesotho
441,Vanessa Morris,qperez@example.com,"331 Teresa Circle Apt. 037
Lopezville, MA 27850",2026-05-02,Senegal
442,Shannon Hodges,jeanette28@example.org,"PSC 3567, Box 9836
APO AE 09497",2025-04-05,Chad
443,Tiffany Ray,thomasnancy@example.net,"2407 Bell Crest
West Ryanberg, MO 66324",2025-07-26,Grenada
444,Dominic Davis,bdennis@example.org,"94897 Rodriguez Causeway Apt. 131
North Barbarabury, CA 70248",2024-11-27,Czech Republic
445,Melissa Sullivan,ugarcia@example.net,"35494 Clinton Parkway
Stevensonbury, GA 41803",2026-01-25,Chad
446,Steven Thomas,waderonnie@example.org,"20957 Tracy Gateway Suite 100
Maryhaven, NY 22429",2026-03-20,Singapore
447,Eric Fitzgerald,whenry@example.net,"5705 Mckinney Path Suite 148
East Tiffanybury, TN 19065",2025-06-02,Antarctica (the territory South of 60 deg S)
448,Patrick Mcpherson,jamie13@example.com,"878 Joseph Springs Suite 569
Landryview, ME 25479",2024-10-15,Mali
449,Sandra Martinez,yknight@example.com,"2728 Hanson Shores
West Tommy, CA 39131",2024-09-26,Armenia
450,Roger Martinez,btorres@example.com,"42548 Stephanie Station
Douglasborough, NE 77207",2026-07-17,French Guiana
451,John Gomez,ghenderson@example.com,"PSC 9429, Box 6592
APO AP 26650",2025-03-16,Israel
452,Elizabeth Miller,ygardner@example.com,"585 Gomez Mountain Suite 670
Port Robertberg, RI 40135",2026-04-12,Mozambique
453,Bethany Daniels,brian62@example.com,"701 Joseph Run Apt. 591
Arianamouth, VI 08478",2024-12-12,Myanmar
454,Nancy Brown,zacharyhart@example.com,"4079 Danny Alley
New Nichole, NC 13197",2025-03-14,Bosnia and Herzegovina
455,Ross Wallace,howekevin@example.com,"Unit 3849 Box 7916
DPO AE 83888",2024-09-30,Cambodia
456,Mary Jackson,thomasroberts@example.net,"4661 Butler Manors Apt. 047
New Pedroshire, ME 04968",2025-12-29,Uganda
457,Jill Odonnell,sydney77@example.com,"8835 Palmer Extensions
West Diana, OK 44972",2025-08-16,Togo
458,Diana Farmer,sandra17@example.com,"USNS Johnston
FPO AP 86865",2025-10-03,Bulgaria
459,Leah Carpenter,bjones@example.net,"177 Wolf Trail
North Rachel, HI 95942",2026-06-28,Saudi Arabia
460,Tammy Brown,danny17@example.com,"51762 James Overpass
Sheltonbury, ID 97776",2025-01-11,Suriname
461,Rachel Miller,sotoelizabeth@example.org,"56981 Lopez Stream
Leeborough, OK 62594",2025-09-15,Guinea-Bissau
462,Kristin Taylor,gonzalescolleen@example.org,"411 Hall Rapid
Andrewport, MP 33450",2025-06-27,Guinea-Bissau
463,Seth Donaldson,fergusonjohn@example.net,"USNV Ross
FPO AE 72058",2026-02-06,Bouvet Island (Bouvetoya)
464,Taylor Mercer,johnsonrobert@example.org,"38503 Jones Port
West Tinachester, PA 97401",2025-12-06,Belgium
465,Karen Anderson,garciatyler@example.org,"4300 Kim Valleys Apt. 896
New Timothyfurt, WI 49945",2026-02-04,Jersey
466,Kirsten Wilson,princetoni@example.com,"0331 Jeremy Summit Apt. 030
North Davidburgh, LA 06231",2025-05-02,Netherlands
467,Dana Carter,hmendoza@example.net,"375 Scott Hollow Suite 843
Luisside, NY 14182",2024-10-24,United Arab Emirates
468,Trevor Tucker,harrisderrick@example.net,"52037 Benton Brooks
Huffview, KY 77602",2025-06-22,Sweden
469,Amy Bond,ysimpson@example.com,"62680 Johnson Track
Sharonmouth, MP 34911",2026-04-29,Nauru
470,Alexander Swanson,yglenn@example.net,"PSC 0186, Box 4876
APO AP 94770",2025-11-03,Maldives
471,Tyler Mcdonald,davidsmith@example.net,"USS Lutz
FPO AP 39275",2025-05-19,Indonesia
472,Donald Adams,kimberly90@example.org,"2770 Smith Camp Suite 783
Brownland, KY 80497",2025-10-22,Zimbabwe
473,Christopher Miranda,jordan72@example.org,"031 Jack Parkways
Rileyton, OH 94526",2025-02-28,Zambia
474,Deanna Scott,amber09@example.org,"718 Joel Islands
Mariachester, CA 84634",2025-07-23,Finland
475,Gabriel French,theresa57@example.com,"0429 Daniel Forest
Williamhaven, WY 76717",2026-02-17,Wallis and Futuna
476,Ronald Johnson,patrickcuevas@example.org,"USNS Cunningham
FPO AP 83118",2025-10-20,Italy
477,Barbara Johns,lawsondonna@example.net,"94353 Hall Island Apt. 376
Christopherside, NY 10520",2026-07-14,Palau
478,Mr. Richard Hall,sarasanchez@example.com,"445 Wilson Lodge
Wagnerberg, OK 65276",2025-12-20,Sierra Leone
479,Christopher Gibson,davidbaker@example.net,"120 Johnson Expressway Apt. 288
Strongstad, DC 53233",2026-02-05,Dominican Republic
480,Barbara Merritt,brittany91@example.net,"6764 Graves Street Apt. 981
North Brittney, MN 88831",2026-01-02,Hong Kong
481,Christopher Sharp,shirley13@example.com,"889 Mitchell Lights
Katherineberg, AZ 96789",2026-06-21,Saint Martin
482,Joseph Andrews,cory42@example.org,"3244 Sandra Shores Suite 213
North Carmen, AZ 71257",2025-10-12,Congo
483,Ronnie Johnson,juangould@example.com,"4117 Snyder Corners
West Jessica, DE 46863",2026-04-24,Samoa
484,Monica Murphy,joshua81@example.net,"1853 Stacy Road
East Derrickfurt, VI 29364",2026-01-19,Estonia
485,John Lopez,mcampbell@example.net,"61789 Jennifer Camp
Wattsfurt, SC 77033",2025-03-05,Guernsey
486,Mr. Christopher Evans,nancycontreras@example.com,"587 Davis Creek Suite 675
Lake Roger, HI 61414",2026-08-14,Panama
487,Michael Bush,flarsen@example.net,"44836 Anna Islands
Emilychester, MO 58428",2025-07-22,Eritrea
488,Debra Chandler,daisy04@example.com,"319 Anderson Plains
Lake Andrewfurt, CO 92871",2025-05-16,Guinea
489,Kristen Pena,michaelgonzalez@example.org,"342 Rivera Forge Apt. 000
New Raymondfort, AZ 21072",2025-04-09,Anguilla
490,Raymond Wright,karen66@example.org,"11860 Julia Plains Apt. 196
Port Catherine, ME 42932",2025-07-22,Samoa
491,Donald Harris,tanya97@example.com,"68474 Patrick Parks
Beanside, VT 14696",2025-08-11,Morocco
492,Jennifer Hall,thomas14@example.com,"82379 Christopher Lodge
Millsshire, WV 30966",2024-10-28,Lithuania
493,Eric Morgan,benjaminbarker@example.net,"3878 Edwards Run
West Steven, NJ 67928",2025-10-25,Saint Vincent and the Grenadines
494,Angela Garcia DDS,amartinez@example.org,"37106 Jackson Unions
Taylorside, MT 52851",2024-09-21,British Indian Ocean Territory (Chagos Archipelago)
495,Edward Weeks,alexandra95@example.net,"8395 Kennedy Fords
Saraberg, GA 69232",2026-02-19,Lebanon
496,Jason Hernandez,holderadam@example.net,"751 Colleen Ranch
North Michael, OH 30127",2025-05-24,American Samoa
497,Denise Hoover,tsilva@example.com,"8831 Dakota Forge Suite 249
East Laurashire, SD 50694",2025-05-14,Sierra Leone
498,Lisa Levy,aclark@example.org,"Unit 1922 Box 2705
DPO AE 07341",2024-12-23,Sri Lanka
499,Maurice Murphy,allenphillip@example.com,"8581 Stephanie Roads Suite 268
Henryview, TX 16261",2025-10-27,Jordan
500,Cassandra Cline,wtownsend@example.net,"5203 Ward Fields
New Lanceville, PW 48849",2026-07-15,Macao
501,Lisa Johnson,darlene60@example.net,"090 Osborn Roads Suite 727
North Mikeberg, VT 96995",2025-01-22,Thailand
