order_id,customer_id,order_date,status
1,442,2025-10-05,completed
2,278,2025-11-04,completed
3,183,2026-08-16,completed
4,374,2026-08-20,completed
5,99,2025-11-21,completed
6,129,2026-06-04,cancelled
7,52,2025-10-18,completed
8,87,2026-02-20,completed
9,476,2026-05-23,pending
10,81,2025-11-30,completed
11,33,2026-06-04,pending
12,246,2026-02-03,completed
13,37,2026-05-01,completed
14,298,2025-11-24,completed
15,300,2026-07-11,completed
16,137,2026-06-01,completed
17,320,2026-03-15,returned
18,111,2026-05-31,completed
19,147,2026-03-05,completed
20,155,2026-06-09,cancelled
21,61,2026-04-19,cancelled
22,369,2026-07-27,completed
23,218,2026-02-23,pending
24,396,2026-03-19,completed
25,289,2025-10-14,completed
26,281,2026-09-06,completed
27,159,2025-12-20,completed
28,351,2026-08-02,completed
29,454,2026-04-13,cancelled
30,14,2025-11-23,completed
31,405,2025-10-30,pending
32,116,2026-06-20,completed
33,497,2025-11-22,pending
34,482,2026-07-22,completed
35,224,2026-06-18,completed
36,99,2025-12-07,completed
37,102,2026-02-06,completed
38,321,2026-07-17,completed
39,261,2026-01-01,completed
40,342,2026-02-12,cancelled
41,282,2026-05-07,pending
42,166,2025-12-03,completed
43,147,2025-12-15,completed
44,77,2026-01-19,completed
45,235,2025-12-12,completed
46,206,2025-09-17,completed
47,400,2026-08-06,completed
48,287,2026-05-23,completed
49,412,2025-12-27,completed
50,427,2025-11-13,cancelled
51,394,2025-10-07,pending
52,141,2026-03-14,completed
53,120,2026-08-11,completed
54,210,2025-10-07,completed
55,440,2026-06-18,cancelled
56,384,2026-02-19,pending
57,250,2026-05-19,completed
58,472,2026-08-09,completed
59,290,2026-02-25,completed
60,71,2026-09-07,cancelled
61,110,2026-05-19,completed
62,242,2026-01-09,completed
63,334,2026-06-24,completed
64,488,2026-08-15,completed
65,124,2026-05-28,completed
66,240,2026-04-24,completed
67,400,2026-09-01,pending
68,466,2026-04-11,returned
69,358,2026-06-08,pending
70,179,2026-01-09,completed
71,423,2026-01-24,completed
72,269,2026-07-08,returned
73,424,2026-01-28,pending
74,386,2026-01-02,completed
75,410,2026-03-13,completed
76,487,2026-04-02,completed
77,390,2026-06-14,completed
78,209,2025-12-07,completed
79,178,2025-11-16,completed
80,120,2026-05-25,completed
81,488,2026-02-11,pending
82,143,2026-08-03,pending
83,156,2026-01-11,completed
84,151,2026-07-03,completed
85,295,2026-08-26,completed
86,207,2026-02-09,completed
87,417,2026-07-29,completed
88,312,2026-03-03,completed
89,467,2025-11-09,completed
90,322,2026-06-12,completed
91,90,2026-02-03,completed
92,306,2026-08-28,completed
93,363,2026-07-31,completed
94,219,2026-06-30,completed
95,38,2026-02-01,completed
96,241,2026-07-30,completed
97,457,2025-11-08,completed
98,430,2026-01-26,cancelled
99,422,2026-02-20,completed
100,242,2026-07-11,completed
101,180,2026-08-12,completed
102,255,2025-11-09,completed
103,61,2026-08-27,returned
104,267,2025-12-03,completed
105,476,2025-09-20,completed
106,284,2026-03-06,completed
107,479,2025-12-23,pending
108,76,2025-11-26,completed
109,176,2026-03-16,cancelled
110,339,2025-11-11,completed
111,172,2026-07-15,completed
112,440,2026-07-24,pending
113,244,2025-12-25,pending
114,496,2025-11-23,completed
115,271,2026-04-25,cancelled
116,211,2026-03-16,cancelled
117,321,2026-02-21,completed
118,441,2026-07-23,completed
119,318,2026-03-12,completed
120,362,2026-05-16,cancelled
121,185,2026-01-22,completed
122,351,2025-10-23,pending
123,319,2026-08-29,completed
124,343,2026-05-31,completed
125,155,2026-04-25,completed
126,123,2025-11-05,completed
127,204,2026-03-23,completed
128,256,2026-03-14,pending
129,99,2025-12-03,completed
130,22,2026-03-13,completed
131,384,2026-08-31,completed
132,258,2026-05-04,cancelled
133,447,2026-01-16,completed
134,74,2026-01-06,pending
135,497,2026-04-29,pending
136,234,2026-04-26,completed
137,121,2026-04-22,completed
138,467,2026-03-27,pending
139,122,2026-01-17,cancelled
140,488,2026-01-29,pending
141,317,2026-05-24,completed
142,488,2025-10-31,completed
143,33,2026-04-09,completed
144,110,2026-03-07,completed
145,126,2025-09-21,returned
146,112,2026-01-28,pending
147,143,2025-12-14,cancelled
148,58,2026-08-26,completed
149,185,2026-05-24,pending
150,137,2026-08-14,completed
151,264,2026-08-11,completed
152,236,2026-05-04,completed
153,435,2026-08-11,completed
154,467,2026-03-08,completed
155,77,2025-12-26,completed
156,197,2026-01-17,returned
157,60,2026-07-02,cancelled
158,175,2026-05-28,pending
159,193,2026-08-11,returned
160,192,2026-09-03,pending
161,289,2026-06-28,completed
162,449,2026-04-12,completed
163,261,2026-08-14,completed
164,295,2026-06-01,completed
165,477,2026-04-26,completed
166,473,2026-07-09,completed
167,291,2025-12-15,completed
168,326,2026-04-09,returned
169,112,2026-08-06,completed
170,307,2026-01-07,completed
171,388,2026-08-03,completed
172,340,2026-02-02,completed
173,147,2025-11-08,completed
174,5,2026-01-10,completed
175,150,2026-03-27,completed
176,222,2026-03-03,completed
177,205,2026-08-10,cancelled
178,237,2026-08-27,cancelled
179,215,2026-06-08,completed
180,225,2025-10-09,pending
181,42,2026-02-04,completed
182,41,2025-11-24,completed
183,101,2026-06-23,cancelled
184,76,2026-06-02,completed
185,40,2026-01-26,completed
186,327,2026-06-26,returned
187,228,2026-03-07,completed
188,238,2025-12-05,completed
189,41,2025-09-16,completed
190,261,2026-01-23,completed
191,335,2026-04-30,completed
192,260,2026-04-08,completed
193,226,2026-06-28,returned
194,211,2026-08-31,pending
195,173,2026-03-11,completed
196,199,2026-01-07,completed
197,74,2026-08-04,cancelled
198,364,2025-11-27,cancelled
199,361,2026-07-08,pending
200,218,2025-11-22,completed
201,94,2026-08-19,returned
202,41,2026-04-24,completed
203,429,2026-01-01,pending
204,450,2025-10-07,pending
205,94,2026-08-04,pending
206,188,2026-03-25,completed
207,403,2026-03-18,completed
208,349,2025-12-14,cancelled
209,420,2026-01-30,completed
210,449,2026-05-29,completed
211,437,2026-07-24,completed
212,141,2026-01-02,completed
213,454,2025-11-28,completed
214,204,2026-01-01,completed
215,16,2025-09-25,completed
216,173,2026-05-08,pending
217,427,2026-02-16,completed
218,282,2026-01-27,cancelled
219,329,2026-06-25,pending
220,296,2026-09-13,completed
221,182,2026-02-25,completed
222,280,2026-02-01,completed
223,24,2025-11-11,completed
224,125,2026-02-24,pending
225,378,2026-01-07,pending
226,418,2026-08-23,completed
227,20,2026-02-28,completed
228,163,2025-11-26,cancelled
229,184,2026-04-24,cancelled
230,141,2025-12-28,completed
231,500,2026-04-17,completed
232,310,2026-01-11,returned
233,42,2025-09-21,completed
234,355,2025-10-04,completed
235,40,2026-01-12,completed
236,349,2026-03-08,pending
237,122,2025-11-05,pending
238,349,2026-07-16,completed
239,273,2026-01-30,completed
240,97,2025-09-24,completed
241,148,2026-02-20,completed
242,46,2026-01-11,pending
243,150,2025-11-19,cancelled
244,91,2026-04-27,pending
245,406,2026-06-20,completed
246,315,2026-05-08,cancelled
247,369,2026-01-11,pending
248,232,2026-06-18,completed
249,223,2025-09-29,completed
250,80,2026-03-21,completed
251,487,2026-06-06,cancelled
252,66,2026-06-03,completed
253,88,2026-03-15,completed
254,463,2026-08-20,completed
255,25,2025-11-05,cancelled
256,329,2025-10-22,completed
257,154,2025-11-13,completed
258,214,2026-06-03,completed
259,443,2025-10-18,pending
260,56,2026-01-24,completed
261,486,2026-01-23,completed
262,257,2025-10-14,returned
263,496,2026-01-18,completed
264,346,2025-10-10,completed
265,70,2026-02-08,cancelled
266,293,2025-10-07,completed
267,393,2026-02-14,completed
268,203,2026-07-01,completed
269,262,2026-05-27,completed
270,72,2026-04-03,pending
271,165,2025-10-17,completed
272,364,2025-11-29,completed
273,409,2025-11-12,cancelled
274,137,2026-06-21,returned
275,89,2026-07-29,completed
276,11,2025-12-07,completed
277,473,2025-10-05,completed
278,267,2026-05-23,completed
279,237,2025-09-23,cancelled
280,413,2026-05-08,completed
281,362,2026-05-28,completed
282,295,2026-03-09,completed
283,42,2025-09-30,completed
284,479,2026-06-19,completed
285,126,2026-08-28,completed
286,213,2026-08-30,completed
287,336,2025-11-04,cancelled
288,466,2026-01-09,pending
289,469,2026-02-03,cancelled
290,6,2026-05-05,completed
291,234,2026-02-06,returned
292,376,2026-03-20,completed
293,292,2025-12-30,completed
294,425,2025-09-23,completed
295,246,2026-06-03,completed
296,230,2026-02-13,pending
297,336,2025-10-09,completed
298,159,2025-11-27,completed
299,115,2025-09-28,completed
300,312,2025-12-07,completed
301,449,2026-03-13,pending
302,464,2026-01-20,completed
303,61,2025-10-14,completed
304,235,2026-08-03,completed
305,113,2026-03-20,completed
306,360,2026-07-15,completed
307,18,2026-02-07,completed
308,375,2025-11-09,completed
309,449,2025-09-17,completed
310,374,2026-05-02,returned
311,154,2026-04-30,completed
312,98,2025-12-21,cancelled
313,216,2026-01-29,completed
314,36,2026-02-04,completed
315,346,2026-07-17,pending
316,24,2026-06-18,completed
317,73,2025-12-17,completed
318,397,2025-11-25,completed
319,213,2026-08-09,completed
320,452,2026-02-05,pending
321,255,2026-05-11,completed
322,215,2026-02-27,completed
323,436,2026-02-25,completed
324,497,2026-09-04,completed
325,171,2026-05-18,completed
326,346,2026-06-23,completed
327,413,2025-11-28,pending
328,491,2025-10-26,cancelled
329,388,2026-02-03,completed
330,205,2025-10-24,cancelled
331,185,2026-08-22,completed
332,391,2025-11-29,pending
333,290,2026-06-20,cancelled
334,298,2026-06-11,pending
335,428,2026-01-02,completed
336,237,2026-05-25,completed
337,471,2025-12-02,cancelled
338,431,2026-04-20,pending
339,213,2026-01-04,completed
340,113,2026-03-03,completed
341,339,2026-05-10,completed
342,212,2025-12-08,completed
343,222,2026-08-06,pending
344,125,2026-07-20,completed
345,237,2025-12-03,completed
346,441,2025-09-23,completed
347,196,2025-09-19,completed
348,332,2026-07-15,pending
349,119,2026-07-26,completed
350,18,2025-11-29,completed
351,422,2026-08-27,completed
352,290,2026-02-04,completed
353,372,2026-01-12,completed
354,311,2026-09-10,pending
355,184,2026-04-23,completed
356,153,2025-11-14,pending
357,80,2026-03-13,completed
358,56,2026-04-08,completed
359,46,2025-12-28,completed
360,285,2026-09-11,completed
361,373,2026-07-25,cancelled
362,196,2025-12-14,completed
363,224,2026-04-28,completed
364,322,2026-08-04,completed
365,5,2026-07-24,cancelled
366,419,2026-04-29,pending
367,104,2026-07-25,completed
368,357,2026-08-27,completed
369,188,2026-08-21,completed
370,395,2026-01-04,completed
371,257,2026-02-01,completed
372,406,2026-04-10,completed
373,280,2025-11-12,completed
374,395,2025-10-04,completed
375,348,2025-12-02,completed
376,263,2025-11-23,pending
377,397,2026-02-16,completed
378,153,2026-08-01,completed
379,74,2025-10-12,completed
380,51,2026-02-14,completed
381,333,2025-09-23,completed
382,284,2026-06-23,completed
383,223,2026-08-09,completed
384,4,2026-01-03,pending
385,54,2025-12-20,pending
386,60,2026-08-21,completed
387,60,2026-08-05,completed
388,346,2026-07-05,completed
389,61,2025-11-28,completed
390,72,2026-08-17,completed
391,87,2026-06-14,completed
392,29,2026-05-22,cancelled
393,101,2025-09-26,pending
394,44,2026-08-21,completed
395,277,2026-03-08,completed
396,60,2025-09-20,completed
397,113,2025-10-16,returned
398,386,2025-12-09,completed
399,180,2026-07-30,cancelled
400,399,2026-04-15,pending
401,442,2026-04-07,pending
402,274,2025-12-22,completed
403,295,2026-05-30,completed
404,472,2026-03-09,completed
405,366,2026-06-09,completed
406,74,2025-11-10,completed
407,408,2025-10-08,cancelled
408,385,2026-05-21,completed
409,49,2025-09-25,pending
410,497,2026-03-16,completed
411,174,2026-07-15,completed
412,392,2026-02-12,completed
413,10,2026-09-06,completed
414,105,2026-04-14,returned
415,49,2025-10-01,completed
416,204,2025-10-08,completed
417,50,2026-06-23,completed
418,6,2025-12-26,completed
419,69,2025-12-27,completed
420,54,2026-03-09,completed
421,75,2026-07-05,completed
422,86,2025-09-23,completed
423,317,2025-12-23,completed
424,303,2026-07-31,pending
425,45,2025-12-09,completed
426,267,2026-02-25,completed
427,29,2025-09-15,pending
428,257,2026-05-10,completed
429,186,2026-07-31,cancelled
430,281,2026-07-17,completed
431,22,2026-02-21,cancelled
432,207,2026-08-29,completed
433,263,2026-03-12,cancelled
434,326,2025-12-08,pending
435,225,2026-07-22,pending
436,61,2025-10-02,completed
437,381,2026-01-26,completed
438,361,2026-04-21,completed
439,385,2026-02-28,pending
440,141,2026-03-06,completed
441,263,2025-11-13,completed
442,372,2026-05-14,completed
443,127,2026-01-28,completed
444,381,2026-04-04,completed
445,165,2025-11-07,completed
446,63,2026-06-11,completed
447,413,2026-01-19,completed
448,451,2025-11-17,completed
449,6,2026-02-09,completed
450,190,2026-03-05,completed
451,479,2026-01-20,completed
452,451,2025-12-31,completed
453,55,2026-07-10,completed
454,366,2026-06-17,completed
455,213,2026-03-14,pending
456,70,2026-04-01,completed
457,151,2026-01-24,completed
458,141,2026-02-20,completed
459,56,2026-04-23,completed
460,239,2026-08-04,completed
461,415,2026-01-14,completed
462,77,2026-01-24,completed
463,348,2026-03-04,completed
464,385,2026-06-17,completed
465,413,2026-07-27,pending
466,427,2025-11-14,pending
467,353,2025-09-30,completed
468,134,2026-03-19,cancelled
469,103,2026-07-26,cancelled
470,475,2026-05-01,completed
471,467,2026-04-22,completed
472,127,2026-03-31,completed
473,216,2026-07-16,completed
474,402,2025-11-12,pending
475,94,2026-07-04,completed
476,273,2025-11-05,completed
477,125,2026-07-10,completed
478,296,2025-11-29,pending
479,185,2026-05-26,cancelled
480,182,2025-10-14,cancelled
481,160,2026-02-15,completed
482,121,2025-10-25,completed
483,2,2026-03-17,completed
484,472,2025-09-30,pending
485,398,2025-10-22,completed
486,53,2025-09-16,completed
487,334,2026-08-23,completed
488,377,2026-05-16,completed
489,487,2025-11-14,completed
490,164,2025-12-07,cancelled
491,74,2026-06-01,completed
492,165,2026-01-15,completed
493,329,2025-10-27,pending
494,36,2026-06-09,completed
495,26,2026-07-03,completed
496,426,2026-04-03,completed
497,152,2026-02-06,completed
498,376,2026-05-13,completed
499,316,2026-02-05,cancelled
500,86,2026-04-14,completed
501,285,2026-06-16,pending
502,203,2026-05-24,completed
503,322,2026-09-11,completed
504,328,2025-12-06,completed
505,159,2026-05-08,pending
506,191,2025-11-10,cancelled
507,136,2026-05-26,completed
508,45,2026-06-17,completed
509,496,2026-06-04,completed
510,259,2026-08-07,completed
511,499,2026-09-04,completed
512,351,2026-07-04,completed
513,470,2026-03-15,pending
514,205,2026-08-16,completed
515,269,2026-05-27,pending
516,77,2026-01-05,completed
517,401,2026-06-18,completed
518,250,2026-01-03,completed
519,357,2025-11-30,completed
520,12,2026-05-06,completed
521,499,2026-08-29,cancelled
522,139,2025-11-23,pending
523,110,2025-09-20,cancelled
524,35,2026-01-01,completed
525,129,2025-11-29,completed
526,103,2026-07-14,completed
527,252,2026-05-22,completed
528,178,2025-10-09,completed
529,27,2026-02-27,completed
530,107,2025-10-28,completed
531,90,2026-08-26,completed
532,313,2026-05-15,pending
533,438,2025-09-18,completed
534,205,2026-04-21,completed
535,496,2026-01-18,pending
536,352,2026-01-30,completed
537,329,2026-01-04,completed
538,78,2026-04-29,completed
539,165,2026-08-17,completed
540,153,2026-05-05,completed
541,177,2026-04-20,pending
542,466,2026-05-21,cancelled
543,152,2026-09-07,completed
544,392,2026-03-16,cancelled
545,448,2026-01-21,completed
546,242,2025-12-17,completed
547,258,2026-03-07,completed
548,211,2026-07-04,returned
549,325,2026-06-17,returned
550,391,2026-06-23,pending
551,224,2026-02-16,completed
552,193,2026-04-17,returned
553,322,2026-08-03,pending
554,54,2026-08-28,completed
555,374,2026-05-23,completed
556,386,2026-09-14,completed
557,303,2026-02-01,completed
558,335,2026-09-02,pending
559,340,2026-06-19,completed
560,61,2025-10-16,completed
561,353,2025-12-16,completed
562,320,2025-10-18,completed
563,318,2025-12-13,completed
564,103,2026-07-16,completed
565,84,2026-05-04,completed
566,47,2025-10-19,cancelled
567,465,2026-02-01,completed
568,27,2026-01-16,completed
569,162,2026-04-23,completed
570,6,2026-03-05,cancelled
571,139,2026-01-11,cancelled
572,95,2026-04-05,completed
573,59,2026-05-30,completed
574,215,2026-02-27,cancelled
575,315,2026-04-27,completed
576,227,2025-10-19,completed
577,394,2026-05-23,pending
578,354,2026-04-20,pending
579,374,2026-05-20,completed
580,458,2025-09-25,returned
581,480,2026-03-19,completed
582,27,2025-10-10,completed
583,440,2025-11-20,completed
584,208,2025-12-24,completed
585,495,2026-04-09,completed
586,488,2026-07-05,completed
587,171,2026-03-30,completed
588,115,2026-06-07,completed
589,56,2025-12-16,completed
590,371,2025-10-28,completed
591,236,2026-03-23,pending
592,25,2025-11-17,cancelled
593,236,2026-02-27,completed
594,26,2026-07-24,completed
595,419,2025-09-29,completed
596,470,2026-04-23,completed
597,233,2026-02-18,pending
598,264,2026-05-24,completed
599,109,2026-09-04,completed
600,501,2025-10-13,returned
601,300,2026-03-10,completed
602,14,2025-12-15,completed
603,104,2026-02-03,completed
604,431,2026-06-14,completed
605,317,2026-05-12,cancelled
606,123,2025-11-18,completed
607,491,2026-01-30,pending
608,319,2026-01-03,cancelled
609,281,2025-12-05,pending
610,231,2026-07-28,completed
611,378,2026-04-16,completed
612,435,2026-03-14,completed
613,307,2026-06-03,completed
614,164,2026-07-07,completed
615,214,2026-08-27,completed
616,152,2025-10-27,completed
617,465,2025-11-14,completed
618,470,2025-11-02,pending
619,278,2026-09-08,pending
620,265,2026-04-24,pending
621,487,2025-09-23,completed
622,109,2026-03-15,completed
623,277,2026-07-02,pending
624,171,2026-02-19,completed
625,408,2026-06-01,completed
626,468,2026-08-09,completed
627,62,2026-01-27,completed
628,301,2026-04-01,completed
629,56,2026-02-15,completed
630,422,2025-09-27,completed
631,493,2026-02-21,completed
632,449,2026-05-29,completed
633,295,2025-10-09,completed
634,385,2025-10-16,pending
635,96,2026-08-02,completed
636,437,2026-05-16,pending
637,103,2026-03-07,pending
638,319,2026-03-19,completed
639,317,2025-12-13,completed
640,492,2026-08-20,completed
641,404,2025-11-04,completed
642,230,2025-09-23,completed
643,43,2025-10-16,pending
644,455,2025-11-22,completed
645,325,2025-11-25,completed
646,243,2026-05-14,completed
647,377,2026-04-02,cancelled
648,205,2026-04-06,completed
649,436,2026-03-08,returned
650,83,2026-09-05,completed
651,22,2026-05-13,completed
652,267,2026-04-16,cancelled
653,167,2025-10-27,completed
654,194,2025-09-29,completed
655,500,2025-11-28,cancelled
656,227,2026-01-02,completed
657,145,2026-06-15,completed
658,420,2026-02-04,completed
659,248,2026-01-29,completed
660,67,2026-03-20,completed
661,458,2025-09-19,completed
662,474,2026-03-25,completed
663,486,2025-12-21,completed
664,408,2026-03-28,completed
665,87,2026-01-04,pending
666,199,2026-07-08,completed
667,442,2026-01-09,cancelled
668,451,2025-12-13,pending
669,339,2026-03-09,completed
670,334,2025-12-02,completed
671,181,2026-05-16,completed
672,132,2026-03-09,completed
673,211,2025-12-02,completed
674,406,2025-11-17,completed
675,194,2026-04-05,completed
676,301,2026-05-02,completed
677,213,2026-07-26,completed
678,178,2025-10-10,pending
679,488,2026-05-17,completed
680,316,2026-07-25,completed
681,495,2025-11-07,completed
682,476,2026-06-20,completed
683,115,2026-03-08,completed
684,478,2026-09-12,returned
685,226,2025-10-11,completed
686,120,2025-11-14,completed
687,337,2026-05-02,completed
688,182,2026-02-13,completed
689,283,2026-05-01,completed
690,478,2026-08-24,completed
691,210,2026-07-15,completed
692,176,2026-02-10,cancelled
693,290,2026-06-17,completed
694,350,2025-09-30,completed
695,134,2026-01-10,completed
696,213,2026-02-06,returned
697,129,2025-11-24,completed
698,183,2026-06-07,completed
699,104,2026-01-29,completed
700,429,2026-02-26,completed
701,254,2026-07-18,completed
702,319,2025-12-06,completed
703,115,2026-08-13,pending
704,483,2026-03-09,completed
705,359,2026-08-28,completed
706,299,2026-03-20,completed
707,139,2026-02-10,completed
708,360,2026-07-31,pending
709,296,2026-05-05,completed
710,413,2025-12-12,completed
711,217,2026-03-24,completed
712,205,2026-03-15,completed
713,431,2025-10-12,completed
714,178,2026-04-22,completed
715,495,2026-02-14,completed
716,346,2026-04-08,completed
717,329,2026-05-30,pending
718,42,2026-06-26,completed
719,365,2026-06-24,completed
720,213,2025-09-29,completed
721,122,2025-12-25,completed
722,205,2025-12-26,completed
723,29,2026-05-10,completed
724,478,2026-09-11,cancelled
725,66,2026-01-17,completed
726,442,2026-07-18,cancelled
727,92,2026-04-24,completed
728,275,2026-08-17,completed
729,189,2026-07-25,completed
730,419,2026-03-05,pending
731,6,2026-03-12,completed
732,120,2026-06-19,pending
733,85,2026-07-19,pending
734,393,2026-04-18,pending
735,98,2026-04-08,cancelled
736,235,2026-05-22,completed
737,79,2026-04-22,completed
738,146,2026-06-29,completed
739,177,2025-11-04,completed
740,30,2026-01-16,completed
741,64,2026-05-26,returned
742,19,2026-09-06,completed
743,108,2026-03-28,completed
744,481,2026-04-28,completed
745,328,2025-10-08,completed
746,224,2026-05-03,completed
747,406,2026-08-22,completed
748,245,2026-08-01,completed
749,257,2026-04-20,completed
750,80,2025-12-07,pending
751,121,2026-08-20,completed
752,185,2026-01-11,pending
753,279,2025-12-11,completed
754,167,2025-11-24,pending
755,232,2026-09-05,completed
756,261,2025-11-24,completed
757,124,2026-01-15,completed
758,421,2026-05-20,completed
759,166,2025-12-25,completed
760,93,2026-04-21,cancelled
761,18,2026-05-18,completed
762,189,2025-11-22,completed
763,337,2026-04-27,completed
764,33,2026-06-30,completed
765,38,2026-07-05,pending
766,51,2026-05-24,completed
767,271,2025-11-23,completed
768,384,2026-05-24,completed
769,87,2026-06-02,pending
770,464,2026-04-05,completed
771,167,2025-11-28,completed
772,186,2026-03-03,returned
773,71,2026-03-24,returned
774,397,2025-10-27,pending
775,50,2026-06-06,completed
776,121,2025-12-30,completed
777,41,2025-12-14,pending
778,155,2026-04-21,completed
779,447,2026-05-04,pending
780,197,2026-01-16,completed
781,291,2026-08-05,completed
782,203,2026-07-08,returned
783,150,2026-01-30,pending
784,294,2026-02-05,pending
785,248,2026-06-04,completed
786,128,2026-08-22,completed
787,59,2026-03-02,completed
788,396,2026-01-17,completed
789,475,2025-12-17,pending
790,438,2025-10-11,completed
791,476,2025-10-30,completed
792,243,2026-01-30,completed
793,281,2026-04-04,completed
794,359,2026-02-05,completed
795,104,2025-10-09,pending
796,340,2026-07-09,completed
797,196,2025-12-17,completed
798,445,2026-03-15,completed
799,258,2026-08-23,returned
800,474,2026-04-04,completed
801,352,2026-07-12,completed
802,451,2026-03-21,completed
803,117,2026-02-15,completed
804,448,2025-12-21,completed
805,220,2026-09-09,returned
806,299,2026-05-02,completed
807,462,2026-03-13,completed
808,471,2025-10-24,completed
809,487,2026-02-22,pending
810,393,2026-01-07,completed
811,400,2025-11-05,completed
812,317,2025-10-29,completed
813,15,2026-06-20,completed
814,438,2026-09-13,completed
815,475,2025-09-30,completed
816,476,2025-10-10,returned
817,399,2025-10-24,completed
818,270,2026-03-29,completed
819,233,2025-10-31,completed
820,277,2025-10-20,completed
821,266,2026-06-13,pending
822,227,2026-02-16,completed
823,315,2025-09-29,cancelled
824,371,2026-05-14,completed
825,71,2025-10-06,completed
826,460,2025-10-25,completed
827,377,2026-09-07,completed
828,326,2026-06-05,completed
829,395,2025-12-28,completed
830,395,2025-12-12,pending
831,462,2025-12-04,completed
832,8,2026-04-23,completed
833,245,2026-06-17,completed
834,323,2026-08-20,completed
835,336,2026-01-22,completed
836,154,2025-12-10,completed
837,215,2025-09-23,returned
838,356,2026-04-16,completed
839,478,2026-06-21,completed
840,433,2025-11-16,completed
841,271,2026-09-03,completed
842,57,2026-02-02,completed
843,354,2026-04-01,completed
844,321,2025-09-21,completed
845,375,2025-11-12,completed
846,14,2026-04-12,completed
847,411,2026-04-27,completed
848,329,2026-09-06,completed
849,167,2026-07-08,pending
850,176,2025-10-30,completed
851,171,2025-12-14,pending
852,458,2026-02-10,cancelled
853,291,2025-12-12,pending
854,171,2026-04-26,pending
855,322,2026-08-07,completed
856,306,2026-08-16,completed
857,46,2025-12-26,completed
858,270,2025-09-16,completed
859,400,2026-05-18,completed
860,14,2026-02-21,pending
861,449,2026-07-27,completed
862,372,2026-07-22,completed
863,448,2026-02-25,completed
864,390,2025-12-08,completed
865,143,2026-07-22,completed
866,492,2026-02-11,completed
867,181,2026-02-24,completed
868,38,2025-11-09,completed
869,464,2026-08-06,completed
870,46,2026-07-23,completed
871,430,2026-06-16,completed
872,416,2025-09-23,completed
873,352,2026-06-22,completed
874,95,2025-11-29,completed
875,59,2026-05-19,completed
876,54,2026-02-21,completed
877,334,2026-08-01,completed
878,319,2026-01-18,completed
879,108,2025-09-22,pending
880,344,2026-03-19,completed
881,92,2026-02-03,completed
882,332,2026-02-23,completed
883,456,2025-11-29,completed
884,340,2025-11-06,completed
885,350,2025-10-13,cancelled
886,47,2026-07-18,completed
887,288,2026-05-23,pending
888,304,2025-11-15,completed
889,110,2026-02-09,completed
890,448,2025-12-03,completed
891,75,2026-01-22,pending
892,459,2025-12-24,pending
893,183,2026-06-03,completed
894,139,2026-08-09,completed
895,59,2026-01-31,completed
896,376,2026-08-02,completed
897,127,2026-09-01,completed
898,278,2026-05-24,pending
899,242,2026-04-09,completed
900,20,2026-05-09,completed
901,298,2025-10-08,completed
902,416,2026-06-02,pending
903,44,2025-09-23,completed
904,69,2026-04-12,completed
905,467,2026-01-24,completed
906,135,2025-09-22,pending
907,177,2026-02-21,returned
908,396,2026-02-24,completed
909,330,2026-02-17,completed
910,239,2026-02-22,completed
911,351,2026-01-20,pending
912,349,2025-12-22,completed
913,328,2026-08-14,completed
914,337,2025-12-19,completed
915,268,2025-11-11,completed
916,6,2025-12-04,pending
917,270,2026-04-17,completed
918,319,2026-03-23,completed
919,492,2026-03-28,completed
920,291,2025-11-25,pending
921,152,2025-09-28,completed
922,474,2026-02-01,returned
923,143,2025-10-02,pending
924,253,2025-12-07,returned
925,253,2026-05-31,completed
926,19,2025-11-12,completed
927,329,2026-04-28,completed
928,138,2026-04-05,completed
929,246,2025-12-15,completed
930,3,2026-03-26,completed
931,30,2025-12-17,completed
932,438,2025-11-08,returned
933,333,2025-11-05,completed
934,99,2026-02-21,completed
935,378,2026-07-30,completed
936,370,2025-11-22,returned
937,331,2026-02-11,completed
938,62,2025-11-14,completed
939,378,2025-10-09,completed
940,25,2026-07-31,completed
941,465,2026-04-30,completed
942,89,2026-04-12,pending
943,256,2026-06-28,completed
944,417,2026-07-31,pending
945,393,2026-07-29,completed
946,74,2026-06-13,pending
947,226,2025-12-29,completed
948,407,2026-03-06,pending
949,476,2026-02-16,completed
950,107,2025-11-15,completed
951,356,2025-09-21,completed
952,323,2026-09-01,pending
953,62,2026-04-23,returned
954,443,2025-10-13,pending
955,143,2026-06-24,completed
956,434,2025-12-22,returned
957,147,2026-06-28,completed
958,381,2026-03-29,completed
959,61,2026-06-27,completed
960,168,2026-04-05,completed
961,379,2026-01-28,completed
962,301,2025-11-19,completed
963,236,2026-03-29,pending
964,293,2025-11-22,completed
965,89,2026-06-30,pending
966,489,2026-01-12,completed
967,212,2025-11-16,cancelled
968,378,2025-12-23,cancelled
969,458,2026-07-09,cancelled
970,22,2026-03-17,returned
971,203,2026-08-08,completed
972,125,2026-02-06,completed
973,210,2025-11-15,cancelled
974,48,2026-03-05,completed
975,14,2026-07-21,returned
976,362,2025-12-12,completed
977,172,2026-04-25,completed
978,408,2026-01-27,completed
979,378,2026-06-28,cancelled
980,22,2026-03-03,completed
981,289,2026-02-28,pending
982,60,2026-06-01,completed
983,166,2026-06-03,completed
984,192,2025-11-13,completed
985,462,2026-04-24,completed
986,43,2025-09-30,completed
987,143,2026-09-09,completed
988,489,2025-11-03,completed
989,217,2025-12-29,completed
990,34,2026-03-27,completed
991,298,2026-03-13,completed
992,229,2026-06-18,completed
993,249,2026-04-04,completed
994,491,2026-06-07,completed
995,500,2026-08-06,completed
996,164,2026-03-04,completed
997,164,2026-05-09,returned
998,275,2026-03-24,completed
999,395,2026-06-29,completed
1000,363,2026-04-14,completed
1001,466,2026-07-18,cancelled
1002,349,2026-02-10,completed
1003,49,2025-12-16,completed
1004,102,2026-08-23,completed
1005,310,2025-11-15,completed
1006,205,2026-07-26,completed
1007,230,2025-10-31,cancelled
1008,456,2025-09-28,completed
1009,429,2025-10-11,completed
1010,157,2026-09-14,completed
1011,211,2026-07-20,completed
1012,388,2025-10-27,cancelled
1013,253,2026-08-11,completed
1014,116,2026-02-02,completed
1015,155,2026-01-02,returned
1016,332,2025-09-23,completed
1017,254,2026-03-12,returned
1018,187,2026-06-16,completed
1019,377,2025-12-02,completed
1020,451,2026-06-25,completed
1021,468,2026-06-16,returned
1022,273,2026-02-26,completed
1023,394,2026-04-19,completed
1024,280,2026-06-19,completed
1025,187,2025-11-05,completed
1026,400,2026-07-02,completed
1027,427,2026-02-07,completed
1028,471,2025-11-06,completed
1029,355,2026-08-10,completed
1030,383,2026-08-11,pending
1031,118,2025-12-16,completed
1032,392,2026-02-08,pending
1033,389,2026-06-02,completed
1034,305,2026-01-28,completed
1035,35,2025-11-28,completed
1036,402,2025-11-01,completed
1037,181,2026-09-01,completed
1038,182,2025-12-13,completed
1039,421,2025-11-07,completed
1040,368,2026-05-07,completed
1041,473,2025-10-22,completed
1042,429,2026-01-29,completed
1043,65,2026-01-21,completed
1044,287,2026-08-13,pending
1045,61,2026-08-05,completed
1046,150,2026-07-31,returned
1047,253,2025-10-13,completed
1048,207,2025-12-31,completed
1049,35,2026-07-12,completed
1050,64,2026-04-04,completed
1051,389,2025-09-29,pending
1052,77,2026-09-09,pending
1053,252,2026-07-22,completed
1054,427,2025-10-09,completed
1055,311,2026-01-14,completed
1056,391,2026-01-06,completed
1057,279,2026-03-19,completed
1058,222,2025-09-19,cancelled
1059,163,2025-10-22,cancelled
1060,454,2026-06-14,pending
1061,293,2026-04-08,completed
1062,304,2025-10-06,returned
1063,25,2026-03-20,completed
1064,176,2026-05-03,completed
1065,122,2026-01-28,completed
1066,446,2026-02-26,completed
1067,338,2026-01-15,cancelled
1068,294,2026-04-27,completed
1069,355,2026-01-19,completed
1070,316,2026-01-12,completed
1071,26,2026-01-27,completed
1072,174,2026-07-05,completed
1073,223,2026-04-17,completed
1074,234,2026-08-04,completed
1075,443,2026-06-19,completed
1076,438,2026-02-20,pending
1077,77,2026-03-22,completed
1078,435,2026-05-16,completed
1079,209,2026-04-03,completed
1080,239,2026-06-16,completed
1081,134,2026-03-19,pending
1082,250,2026-09-15,pending
1083,310,2025-11-10,completed
1084,345,2026-07-13,completed
1085,433,2026-01-13,completed
1086,258,2026-06-03,cancelled
1087,170,2026-06-09,pending
1088,111,2026-05-05,returned
1089,487,2025-11-06,completed
1090,190,2026-06-20,pending
1091,19,2025-11-25,pending
1092,124,2026-04-28,completed
1093,441,2025-12-24,completed
1094,156,2025-12-04,completed
1095,325,2025-10-01,completed
1096,369,2025-09-19,completed
1097,135,2025-11-02,completed
1098,234,2026-02-15,completed
1099,96,2025-11-24,completed
1100,158,2026-07-04,completed
1101,129,2026-08-04,completed
1102,233,2026-02-18,completed
1103,425,2026-04-10,completed
1104,450,2026-09-12,completed
1105,315,2025-12-01,completed
1106,136,2026-09-12,pending
1107,309,2025-11-13,completed
1108,486,2025-09-28,completed
1109,224,2026-06-08,pending
1110,149,2026-06-30,pending
1111,98,2025-12-04,completed
1112,191,2026-08-15,completed
1113,110,2025-11-14,pending
1114,172,2026-05-19,cancelled
1115,131,2025-10-26,completed
1116,93,2026-05-18,completed
1117,74,2026-07-09,completed
1118,476,2026-01-18,completed
1119,163,2026-06-08,pending
1120,78,2026-01-29,completed
1121,363,2026-03-05,completed
1122,228,2026-08-31,completed
1123,106,2026-04-14,cancelled
1124,290,2026-04-03,cancelled
1125,94,2026-08-10,completed
1126,348,2026-06-13,completed
1127,193,2026-05-04,completed
1128,16,2026-01-12,completed
1129,337,2025-11-10,completed
1130,146,2026-05-22,completed
1131,282,2026-06-04,returned
1132,438,2026-03-24,completed
1133,154,2025-12-26,completed
1134,428,2026-04-20,completed
1135,139,2026-08-09,completed
1136,49,2025-12-06,completed
1137,81,2025-09-23,cancelled
1138,225,2026-03-10,completed
1139,153,2026-01-13,completed
1140,57,2026-03-20,completed
1141,301,2026-03-16,completed
1142,340,2026-06-07,completed
1143,450,2026-02-10,pending
1144,415,2026-08-29,completed
1145,311,2026-01-02,completed
1146,11,2026-07-27,completed
1147,337,2025-10-23,completed
1148,186,2025-11-08,completed
1149,358,2025-12-05,returned
1150,334,2026-06-28,completed
1151,46,2026-08-03,completed
1152,361,2025-12-15,completed
1153,426,2026-08-12,pending
1154,54,2026-08-19,completed
1155,20,2026-05-28,completed
1156,33,2026-03-19,completed
1157,61,2026-02-13,completed
1158,373,2026-02-08,completed
1159,175,2026-04-10,cancelled
1160,378,2026-01-02,completed
1161,249,2025-12-12,completed
1162,408,2026-05-01,completed
1163,184,2026-08-28,completed
1164,222,2026-05-15,completed
1165,134,2026-06-25,returned
1166,438,2026-08-19,completed
1167,476,2025-10-05,cancelled
1168,261,2026-02-10,completed
1169,82,2026-02-20,pending
1170,173,2026-02-13,pending
1171,498,2026-09-08,completed
1172,176,2026-01-15,completed
1173,388,2026-01-28,completed
1174,72,2026-01-05,pending
1175,396,2026-03-12,completed
1176,163,2026-09-15,completed
1177,340,2026-08-20,cancelled
1178,411,2026-02-07,completed
1179,371,2025-12-02,pending
1180,208,2026-02-19,completed
1181,228,2025-12-10,completed
1182,373,2025-12-13,pending
1183,49,2026-07-06,completed
1184,16,2026-01-16,cancelled
1185,376,2026-04-21,completed
1186,389,2026-04-20,completed
1187,295,2026-07-24,pending
1188,275,2025-10-21,pending
1189,403,2025-10-15,pending
1190,128,2026-06-11,completed
1191,77,2025-11-08,pending
1192,41,2026-02-18,completed
1193,218,2026-08-09,returned
1194,236,2026-08-22,completed
1195,235,2026-07-02,completed
1196,438,2026-05-28,completed
1197,150,2025-11-09,completed
1198,157,2025-10-03,completed
1199,403,2026-03-06,completed
1200,112,2025-09-26,completed
1201,295,2025-12-30,completed
1202,260,2026-07-20,completed
1203,321,2026-05-21,completed
1204,492,2026-08-17,completed
1205,324,2026-05-29,pending
1206,100,2026-05-16,returned
1207,98,2025-10-17,pending
1208,481,2025-11-14,completed
1209,127,2026-01-06,pending
1210,443,2025-10-21,cancelled
1211,197,2026-09-14,completed
1212,88,2025-10-15,completed
1213,489,2025-09-29,completed
1214,15,2025-09-15,pending
1215,134,2026-08-18,completed
1216,124,2026-06-30,pending
1217,199,2026-08-09,cancelled
1218,249,2026-07-13,completed
1219,347,2026-03-13,completed
1220,44,2025-12-21,pending
1221,402,2025-12-30,completed
1222,499,2026-07-18,completed
1223,308,2025-10-11,completed
1224,380,2026-04-27,completed
1225,204,2025-11-04,completed
1226,109,2026-03-03,completed
1227,233,2026-07-23,completed
1228,469,2025-11-11,completed
1229,4,2026-06-26,cancelled
1230,252,2026-03-22,pending
1231,41,2026-03-15,completed
1232,431,2025-12-05,pending
1233,191,2025-12-27,cancelled
1234,185,2026-02-05,completed
1235,145,2026-01-16,completed
1236,58,2025-11-13,cancelled
1237,310,2026-03-06,completed
1238,383,2026-02-27,completed
1239,436,2026-08-29,completed
1240,346,2026-01-05,cancelled
1241,434,2026-05-12,returned
1242,266,2026-07-10,pending
1243,231,2026-02-14,completed
1244,218,2026-08-21,returned
1245,34,2026-07-02,completed
1246,223,2026-07-22,pending
1247,428,2026-05-16,completed
1248,393,2025-12-01,completed
1249,35,2026-03-02,pending
1250,156,2026-05-30,completed
1251,207,2025-09-28,completed
1252,409,2025-10-06,completed
1253,482,2026-08-01,completed
1254,170,2025-11-08,completed
1255,306,2026-09-15,pending
1256,133,2025-10-31,completed
1257,67,2026-06-06,completed
1258,77,2025-12-27,completed
1259,349,2026-01-14,completed
1260,178,2026-01-10,completed
1261,98,2025-12-11,completed
1262,216,2026-03-10,completed
1263,255,2026-02-12,completed
1264,356,2026-08-21,completed
1265,415,2026-05-17,pending
1266,7,2026-05-18,completed
1267,74,2026-06-08,completed
1268,24,2026-01-03,returned
1269,455,2026-06-01,completed
1270,102,2026-08-08,completed
1271,405,2026-05-13,cancelled
1272,340,2026-01-26,completed
1273,195,2026-02-05,completed
1274,302,2026-01-19,completed
1275,448,2025-10-02,completed
1276,262,2026-07-19,completed
1277,193,2026-07-06,completed
1278,334,2026-02-04,completed
1279,113,2026-07-09,completed
1280,153,2026-03-03,completed
1281,174,2026-09-03,completed
1282,93,2026-06-28,completed
1283,264,2026-07-27,completed
1284,52,2026-02-26,completed
1285,170,2026-07-10,completed
1286,380,2026-06-14,completed
1287,422,2026-05-31,completed
1288,264,2026-05-13,returned
1289,385,2026-08-31,completed
1290,371,2026-06-17,pending
1291,215,2026-07-29,completed
1292,6,2025-11-21,completed
1293,392,2026-07-30,pending
1294,80,2025-11-14,returned
1295,197,2025-12-15,completed
1296,494,2025-10-19,completed
1297,18,2026-08-01,pending
1298,151,2026-01-15,completed
1299,190,2025-09-30,completed
1300,58,2025-11-05,completed
1301,223,2026-03-21,pending
1302,352,2026-03-15,completed
1303,424,2025-12-25,completed
1304,237,2025-11-28,completed
1305,149,2025-11-20,completed
1306,129,2025-09-29,completed
1307,359,2025-09-18,cancelled
1308,151,2026-01-25,completed
1309,371,2026-01-18,cancelled
1310,211,2026-04-28,completed
1311,329,2026-01-16,completed
1312,130,2025-10-23,completed
1313,250,2026-06-24,completed
1314,126,2026-09-04,pending
1315,92,2025-11-27,completed
1316,185,2025-11-08,completed
1317,112,2026-05-22,completed
1318,330,2026-07-25,completed
1319,159,2026-06-14,completed
1320,394,2025-12-24,completed
1321,10,2026-02-04,completed
1322,350,2026-03-27,completed
1323,87,2026-04-19,completed
1324,289,2026-08-20,completed
1325,120,2025-11-25,completed
1326,8,2026-06-23,completed
1327,36,2026-06-09,cancelled
1328,130,2025-09-29,returned
1329,70,2026-09-02,completed
1330,468,2026-04-19,completed
1331,121,2025-12-30,completed
1332,379,2026-09-14,completed
1333,193,2026-03-01,completed
1334,21,2025-12-28,completed
1335,268,2025-09-21,pending
1336,126,2026-04-18,completed
1337,412,2026-09-03,completed
1338,95,2025-10-07,completed
1339,37,2026-07-15,returned
1340,482,2026-02-14,completed
1341,283,2026-03-03,pending
1342,373,2026-08-04,completed
1343,92,2026-04-12,completed
1344,443,2026-08-18,pending
1345,195,2026-07-17,completed
1346,392,2025-12-05,completed
1347,306,2025-12-20,completed
1348,234,2026-08-07,completed
1349,4,2026-07-23,completed
1350,198,2026-07-10,completed
1351,473,2026-05-17,completed
1352,180,2026-04-15,completed
1353,378,2026-02-06,completed
1354,332,2025-09-16,completed
1355,8,2025-12-07,completed
1356,471,2025-12-05,completed
1357,450,2026-07-12,completed
1358,159,2025-12-11,pending
1359,295,2025-09-15,pending
1360,359,2025-10-02,completed
1361,398,2025-10-12,completed
1362,362,2026-07-06,completed
1363,32,2026-03-29,pending
1364,469,2026-08-10,completed
1365,65,2026-08-25,completed
1366,391,2025-09-20,completed
1367,342,2026-07-29,completed
1368,269,2026-06-10,pending
1369,311,2026-06-22,completed
1370,206,2026-06-30,completed
1371,414,2026-06-23,completed
1372,145,2026-05-15,returned
1373,339,2026-03-15,cancelled
1374,449,2026-04-15,completed
1375,380,2026-03-29,completed
1376,482,2026-04-05,cancelled
1377,366,2026-06-27,completed
1378,409,2026-07-25,completed
1379,110,2026-08-19,completed
1380,368,2026-02-04,completed
1381,245,2026-06-07,returned
1382,474,2025-11-18,completed
1383,177,2026-05-13,completed
1384,150,2025-09-20,completed
1385,305,2026-02-19,cancelled
1386,67,2026-01-13,cancelled
1387,435,2025-12-13,completed
1388,115,2026-03-09,completed
1389,163,2025-10-21,completed
1390,147,2026-08-21,completed
1391,160,2026-06-09,completed
1392,295,2025-11-15,completed
1393,32,2025-12-30,returned
1394,378,2025-12-18,completed
1395,419,2025-11-13,completed
1396,218,2026-02-18,completed
1397,146,2026-06-08,completed
1398,69,2026-01-25,completed
1399,236,2026-06-22,completed
1400,461,2025-12-29,completed
1401,6,2026-09-15,completed
1402,194,2026-05-26,returned
1403,62,2026-05-06,returned
1404,127,2025-10-12,completed
1405,307,2025-11-10,returned
1406,142,2025-10-29,completed
1407,344,2026-08-23,cancelled
1408,247,2026-08-30,completed
1409,198,2025-10-09,completed
1410,96,2026-06-23,completed
1411,420,2026-06-19,completed
1412,496,2025-12-22,completed
1413,357,2025-11-19,completed
1414,46,2026-06-21,completed
1415,261,2026-01-16,completed
1416,155,2026-03-17,completed
1417,357,2026-07-17,completed
1418,341,2026-03-29,pending
1419,440,2026-03-20,pending
1420,185,2026-03-10,completed
1421,235,2026-04-27,completed
1422,38,2026-06-29,completed
1423,290,2026-01-23,completed
1424,196,2025-10-18,completed
1425,58,2025-11-18,completed
1426,76,2026-07-07,cancelled
1427,498,2026-04-02,completed
1428,271,2025-12-15,pending
1429,294,2025-09-21,cancelled
1430,94,2026-08-15,completed
1431,81,2026-07-06,completed
1432,29,2026-07-02,cancelled
1433,236,2025-10-16,completed
1434,484,2025-10-08,pending
1435,210,2025-11-07,pending
1436,41,2025-11-12,pending
1437,31,2026-07-10,completed
1438,479,2026-03-29,pending
1439,9,2026-03-09,completed
1440,361,2026-08-19,completed
1441,23,2026-05-04,completed
1442,40,2025-09-25,completed
1443,255,2026-07-24,completed
1444,150,2026-07-02,completed
1445,203,2026-02-20,completed
1446,31,2026-07-07,completed
1447,207,2026-06-25,completed
1448,103,2026-02-09,completed
1449,81,2025-11-15,pending
1450,221,2026-04-30,cancelled
1451,183,2026-03-10,pending
1452,103,2026-04-17,completed
1453,463,2026-05-28,completed
1454,217,2026-09-07,completed
1455,474,2026-06-14,pending
1456,8,2026-07-17,pending
1457,501,2026-08-22,completed
1458,150,2026-06-27,completed
1459,128,2026-04-07,completed
1460,444,2026-03-01,completed
1461,363,2026-01-10,pending
1462,259,2026-01-28,completed
1463,119,2026-08-10,completed
1464,48,2025-09-28,cancelled
1465,220,2025-11-22,completed
1466,366,2026-04-11,completed
1467,383,2025-09-21,completed
1468,131,2026-05-16,cancelled
1469,351,2026-01-29,completed
1470,382,2026-01-16,pending
1471,46,2026-06-16,cancelled
1472,23,2025-09-17,completed
1473,40,2026-01-08,cancelled
1474,80,2026-03-03,completed
1475,458,2025-11-03,cancelled
1476,36,2025-10-20,completed
1477,142,2026-03-24,completed
1478,408,2026-06-22,returned
1479,274,2026-04-19,cancelled
1480,386,2026-03-07,completed
1481,113,2026-04-05,completed
1482,259,2026-04-04,pending
1483,62,2026-06-20,completed
1484,151,2025-10-28,completed
1485,330,2026-07-08,returned
1486,179,2026-06-29,completed
1487,70,2026-05-06,completed
1488,376,2025-12-14,returned
1489,446,2026-03-30,pending
1490,354,2026-02-17,completed
1491,114,2025-09-29,completed
1492,81,2025-10-24,completed
1493,419,2026-08-24,cancelled
1494,333,2026-05-16,completed
1495,37,2026-09-15,completed
1496,374,2026-05-27,pending
1497,195,2026-07-10,completed
1498,480,2026-09-15,completed
1499,482,2025-12-26,completed
1500,279,2026-07-23,pending
1501,458,2026-09-09,completed
1502,126,2026-09-06,completed
1503,280,2026-01-26,completed
1504,182,2026-03-16,completed
1505,423,2026-06-12,cancelled
1506,172,2026-02-10,completed
1507,79,2025-09-24,completed
1508,353,2025-12-28,completed
1509,479,2025-11-21,completed
1510,400,2025-10-19,completed
1511,59,2025-11-04,completed
1512,182,2026-03-26,completed
1513,473,2026-04-22,completed
1514,198,2025-10-21,completed
1515,122,2025-10-26,completed
1516,492,2026-09-06,completed
1517,186,2026-06-23,pending
1518,499,2026-01-09,cancelled
1519,362,2025-10-30,completed
1520,192,2026-04-13,completed
1521,39,2026-04-16,completed
1522,42,2025-10-13,completed
1523,78,2025-10-02,pending
1524,371,2026-01-07,completed
1525,81,2026-06-20,completed
1526,259,2026-06-18,completed
1527,158,2026-08-15,pending
1528,207,2025-10-14,completed
1529,311,2026-06-02,pending
1530,413,2026-08-23,completed
1531,16,2026-07-30,completed
1532,307,2026-04-02,completed
1533,139,2026-08-12,completed
1534,25,2026-05-13,completed
1535,184,2025-10-21,pending
1536,347,2026-02-09,completed
1537,409,2026-08-21,completed
1538,79,2026-01-07,completed
1539,489,2026-08-02,pending
1540,84,2025-10-19,returned
1541,440,2026-01-14,cancelled
1542,200,2026-06-13,completed
1543,323,2025-11-04,returned
1544,394,2025-10-19,cancelled
1545,234,2026-08-26,completed
1546,47,2025-09-16,completed
1547,251,2026-08-07,completed
1548,189,2025-09-30,completed
1549,136,2026-07-08,cancelled
1550,31,2026-02-10,pending
1551,438,2025-10-24,completed
1552,49,2025-11-12,completed
1553,471,2026-08-24,returned
1554,311,2026-08-08,completed
1555,329,2025-12-14,completed
1556,33,2026-01-15,cancelled
1557,489,2025-11-21,pending
1558,209,2026-08-17,completed
1559,460,2026-05-29,cancelled
1560,248,2025-10-23,completed
1561,294,2026-07-09,completed
1562,103,2026-03-06,completed
1563,424,2026-06-08,pending
1564,60,2025-10-31,pending
1565,329,2026-06-12,returned
1566,383,2026-07-12,returned
1567,109,2026-05-22,returned
1568,10,2025-12-11,completed
1569,213,2026-02-11,completed
1570,236,2026-05-22,completed
1571,225,2026-08-01,completed
1572,334,2026-04-14,completed
1573,259,2026-06-09,completed
1574,438,2026-07-20,completed
1575,60,2026-03-14,completed
1576,5,2025-12-11,cancelled
1577,137,2026-02-19,completed
1578,406,2026-04-27,completed
1579,500,2026-02-04,completed
1580,208,2026-07-13,cancelled
1581,412,2025-12-31,completed
1582,403,2025-11-03,completed
1583,15,2026-09-06,completed
1584,473,2026-02-12,returned
1585,97,2026-04-14,completed
1586,373,2025-12-22,pending
1587,13,2026-04-28,completed
1588,476,2026-08-06,completed
1589,136,2026-05-31,cancelled
1590,434,2025-12-17,completed
1591,213,2026-04-24,completed
1592,216,2025-09-15,completed
1593,464,2025-10-26,completed
1594,179,2026-04-19,completed
1595,381,2026-06-15,completed
1596,17,2026-05-26,completed
1597,17,2026-04-14,completed
1598,139,2026-07-10,completed
1599,335,2026-04-15,completed
1600,435,2026-09-03,cancelled
1601,408,2025-12-15,completed
1602,57,2026-06-02,completed
1603,457,2025-12-08,completed
1604,182,2025-12-15,completed
1605,221,2025-10-02,pending
1606,76,2025-10-11,pending
1607,354,2026-02-06,completed
1608,35,2026-09-03,completed
1609,144,2025-12-25,pending
1610,217,2025-10-26,completed
1611,142,2025-09-16,completed
1612,309,2025-11-30,completed
1613,468,2025-10-25,completed
1614,22,2026-05-27,completed
1615,50,2026-02-13,pending
1616,286,2026-01-17,pending
1617,497,2026-02-25,cancelled
1618,73,2025-11-07,completed
1619,99,2026-05-10,pending
1620,58,2025-10-30,completed
1621,140,2026-01-27,completed
1622,165,2026-09-07,cancelled
1623,246,2026-01-31,completed
1624,394,2026-03-23,completed
1625,429,2025-12-24,cancelled
1626,32,2026-05-15,completed
1627,55,2026-07-25,completed
1628,436,2025-11-07,completed
1629,446,2026-02-04,completed
1630,144,2025-11-22,completed
1631,383,2026-05-16,completed
1632,138,2026-08-27,completed
1633,79,2025-12-12,completed
1634,334,2026-03-12,completed
1635,313,2025-12-24,completed
1636,29,2025-10-02,cancelled
1637,453,2025-09-16,completed
1638,107,2026-03-03,completed
1639,307,2025-10-07,completed
1640,259,2026-08-06,cancelled
1641,87,2025-10-06,completed
1642,500,2026-03-01,completed
1643,391,2025-12-29,cancelled
1644,58,2026-02-13,completed
1645,150,2026-08-03,pending
1646,53,2025-11-05,completed
1647,341,2025-12-26,completed
1648,458,2026-02-17,completed
1649,212,2025-09-20,cancelled
1650,297,2026-06-29,pending
1651,496,2026-03-27,completed
1652,215,2026-04-17,cancelled
1653,177,2026-01-20,pending
1654,292,2026-05-08,returned
1655,240,2026-02-26,completed
1656,149,2026-05-24,completed
1657,65,2025-12-24,completed
1658,130,2026-03-08,completed
1659,367,2026-02-04,completed
1660,114,2025-11-12,completed
1661,497,2025-12-04,cancelled
1662,349,2026-08-12,cancelled
1663,215,2025-09-21,completed
1664,281,2025-12-09,completed
1665,366,2026-03-11,completed
1666,469,2025-12-04,completed
1667,67,2026-08-28,completed
1668,238,2026-03-20,pending
1669,51,2026-08-22,pending
1670,380,2025-10-25,pending
1671,497,2026-06-05,completed
1672,323,2026-03-25,completed
1673,354,2026-05-25,completed
1674,311,2025-12-23,cancelled
1675,55,2026-05-13,completed
1676,432,2026-07-04,pending
1677,223,2026-06-15,completed
1678,421,2025-09-22,pending
1679,281,2026-04-10,completed
1680,142,2026-08-04,completed
1681,418,2025-12-12,completed
1682,63,2025-12-27,completed
1683,19,2026-07-08,completed
1684,83,2026-06-19,completed
1685,264,2026-05-17,completed
1686,175,2026-04-06,completed
1687,36,2026-04-27,cancelled
1688,399,2026-07-04,completed
1689,301,2026-03-27,completed
1690,56,2025-11-20,completed
1691,458,2026-03-15,completed
1692,228,2026-03-27,pending
1693,57,2025-11-08,completed
1694,226,2025-09-22,completed
1695,418,2026-06-23,completed
1696,493,2026-06-23,completed
1697,398,2026-02-15,completed
1698,351,2026-01-17,pending
1699,462,2026-03-10,completed
1700,194,2025-11-22,cancelled
1701,154,2026-06-10,completed
1702,474,2026-06-05,pending
1703,125,2026-02-17,cancelled
1704,300,2026-05-27,completed
1705,104,2025-12-23,completed
1706,282,2025-11-27,pending
1707,414,2026-02-09,cancelled
1708,488,2026-07-20,completed
1709,486,2026-04-23,completed
1710,256,2026-04-09,completed
1711,15,2025-10-20,pending
1712,352,2026-03-06,pending
1713,220,2025-11-25,completed
1714,461,2025-12-13,completed
1715,120,2025-10-01,completed
1716,384,2026-01-16,pending
1717,129,2026-03-06,pending
1718,226,2025-12-12,completed
1719,310,2026-01-15,completed
1720,247,2025-12-07,completed
1721,482,2026-08-31,completed
1722,401,2025-09-21,completed
1723,279,2025-10-12,completed
1724,363,2026-04-09,returned
1725,285,2025-11-04,completed
1726,334,2026-02-12,pending
1727,430,2025-10-01,completed
1728,439,2026-03-04,completed
1729,96,2026-03-29,completed
1730,18,2026-06-12,completed
1731,112,2025-10-22,pending
1732,387,2026-09-12,completed
1733,489,2026-04-03,pending
1734,395,2026-06-04,completed
1735,69,2025-12-04,cancelled
1736,153,2025-12-02,completed
1737,416,2026-01-28,pending
1738,293,2025-09-28,completed
1739,240,2025-09-19,completed
1740,298,2026-04-18,cancelled
1741,134,2025-10-29,pending
1742,77,2025-12-26,cancelled
1743,337,2026-04-18,completed
1744,134,2026-02-26,returned
1745,278,2025-11-30,pending
1746,229,2026-01-17,completed
1747,168,2025-12-10,completed
1748,405,2025-10-28,completed
1749,24,2026-07-06,completed
1750,110,2026-07-01,pending
1751,78,2026-03-30,completed
1752,291,2026-05-03,completed
1753,270,2026-06-20,completed
1754,126,2025-10-01,pending
1755,125,2026-05-25,completed
1756,249,2026-04-01,completed
1757,347,2026-05-13,completed
1758,162,2026-05-27,completed
1759,462,2025-09-17,completed
1760,382,2026-07-20,completed
1761,355,2026-07-11,completed
1762,445,2025-12-03,completed
1763,152,2026-02-12,completed
1764,39,2026-01-14,pending
1765,150,2025-10-17,pending
1766,471,2026-04-16,pending
1767,305,2026-08-19,completed
1768,485,2025-12-25,pending
1769,290,2026-02-18,completed
1770,418,2026-01-20,cancelled
1771,452,2026-01-23,completed
1772,86,2026-02-27,completed
1773,312,2026-05-27,pending
1774,107,2025-09-24,completed
1775,277,2025-10-20,pending
1776,191,2026-05-02,completed
1777,363,2025-09-22,cancelled
1778,254,2025-12-24,completed
1779,497,2025-11-16,completed
1780,374,2025-11-11,completed
1781,324,2026-06-11,pending
1782,163,2026-06-10,cancelled
1783,479,2025-11-25,pending
1784,323,2025-11-30,completed
1785,102,2025-11-02,completed
1786,146,2026-03-02,completed
1787,385,2026-05-15,completed
1788,216,2025-12-06,completed
1789,490,2025-11-03,completed
1790,202,2025-10-28,completed
1791,168,2026-08-14,completed
1792,205,2025-11-28,pending
1793,261,2026-05-02,completed
1794,202,2026-08-03,pending
1795,327,2026-01-02,pending
1796,107,2026-05-24,pending
1797,170,2025-11-10,completed
1798,412,2025-10-08,completed
1799,109,2026-08-10,completed
1800,119,2026-03-07,completed
1801,285,2025-09-17,pending
1802,388,2026-01-30,cancelled
1803,407,2026-03-29,completed
1804,325,2026-05-23,pending
1805,418,2026-08-07,pending
1806,362,2025-10-24,pending
1807,303,2026-06-21,pending
1808,264,2025-12-01,pending
1809,297,2025-11-10,completed
1810,249,2025-10-24,completed
1811,203,2025-12-07,returned
1812,297,2026-07-09,returned
1813,161,2025-12-21,completed
1814,88,2026-03-24,completed
1815,372,2026-04-06,pending
1816,161,2026-05-20,pending
1817,308,2026-08-28,completed
1818,109,2026-08-22,pending
1819,249,2026-08-10,completed
1820,360,2026-08-16,completed
1821,385,2026-09-10,completed
1822,255,2026-08-05,completed
1823,224,2025-11-11,returned
1824,86,2026-09-14,completed
1825,311,2026-03-29,completed
1826,426,2026-04-10,completed
1827,161,2026-08-30,pending
1828,171,2026-02-17,completed
1829,323,2026-04-26,completed
1830,375,2026-07-02,completed
1831,80,2025-12-26,completed
1832,54,2025-12-19,completed
1833,344,2025-12-02,cancelled
1834,48,2026-06-10,cancelled
1835,167,2026-06-24,completed
1836,415,2025-09-22,completed
1837,398,2026-02-10,completed
1838,491,2026-01-30,completed
1839,357,2026-03-29,pending
1840,335,2026-08-20,completed
1841,396,2026-08-01,completed
1842,7,2025-10-27,completed
1843,50,2026-05-27,cancelled
1844,142,2026-08-10,completed
1845,423,2025-12-08,completed
1846,386,2026-05-29,completed
1847,16,2026-08-28,completed
1848,44,2025-10-26,completed
1849,328,2026-03-09,pending
1850,379,2026-08-13,completed
1851,9,2026-04-15,cancelled
1852,77,2026-06-11,pending
1853,24,2025-11-03,completed
1854,327,2026-03-23,pending
1855,289,2026-03-31,completed
1856,47,2025-12-08,completed
1857,46,2025-10-31,completed
1858,405,2026-08-13,completed
1859,330,2026-03-20,cancelled
1860,29,2026-04-25,completed
1861,117,2026-08-04,pending
1862,137,2025-12-12,completed
1863,426,2026-04-05,completed
1864,277,2026-01-17,completed
1865,284,2026-03-30,pending
1866,241,2025-12-19,completed
1867,325,2026-01-14,completed
1868,290,2025-11-03,completed
1869,55,2025-11-19,completed
1870,245,2026-02-18,completed
1871,158,2026-07-23,completed
1872,235,2025-11-29,completed
1873,174,2026-07-05,completed
1874,490,2025-12-04,completed
1875,87,2026-05-05,cancelled
1876,172,2026-03-23,pending
1877,407,2026-05-01,pending
1878,77,2025-10-11,completed
1879,122,2026-06-05,cancelled
1880,4,2026-04-03,completed
1881,110,2026-06-12,cancelled
1882,206,2026-01-10,pending
1883,38,2025-11-14,completed
1884,93,2025-12-25,pending
1885,386,2026-07-22,completed
1886,72,2025-09-25,completed
1887,224,2026-06-22,completed
1888,422,2026-06-27,completed
1889,429,2026-06-25,completed
1890,377,2026-05-25,completed
1891,234,2026-07-27,completed
1892,311,2026-06-06,pending
1893,59,2025-10-15,pending
1894,304,2025-11-14,completed
1895,189,2026-06-13,completed
1896,279,2026-05-06,completed
1897,327,2025-10-14,completed
1898,20,2026-05-24,completed
1899,326,2026-03-09,completed
1900,422,2026-07-06,completed
1901,328,2026-02-22,pending
1902,373,2026-08-08,completed
1903,371,2026-05-10,completed
1904,408,2025-10-05,completed
1905,411,2026-05-03,completed
1906,345,2026-09-04,completed
1907,402,2025-09-24,completed
1908,406,2025-11-08,returned
1909,115,2026-01-22,completed
1910,327,2026-01-31,completed
1911,79,2025-10-27,completed
1912,18,2026-08-15,completed
1913,289,2026-05-09,returned
1914,273,2026-06-17,completed
1915,81,2025-12-19,completed
1916,214,2025-10-16,returned
1917,286,2026-07-09,pending
1918,312,2026-04-22,cancelled
1919,113,2026-04-13,completed
1920,93,2026-03-08,cancelled
1921,396,2026-03-13,completed
1922,493,2026-08-14,completed
1923,255,2025-10-13,pending
1924,274,2025-11-18,pending
1925,500,2026-06-21,completed
1926,72,2026-03-17,completed
1927,376,2026-06-30,completed
1928,129,2026-01-07,completed
1929,284,2026-03-05,completed
1930,449,2026-03-19,completed
1931,297,2026-03-05,completed
1932,409,2025-10-01,completed
1933,371,2025-10-02,returned
1934,351,2026-05-15,completed
1935,399,2026-08-05,completed
1936,425,2026-01-31,pending
1937,368,2026-05-06,cancelled
1938,371,2025-10-17,completed
1939,170,2026-06-06,completed
1940,253,2025-12-24,pending
1941,360,2025-11-08,completed
1942,149,2026-01-31,completed
1943,83,2025-10-29,completed
1944,382,2026-02-13,pending
1945,133,2026-07-03,completed
1946,157,2026-03-21,completed
1947,371,2026-09-12,completed
1948,162,2026-01-28,completed
1949,9,2025-10-02,completed
1950,160,2026-01-06,completed
1951,406,2025-11-16,completed
1952,469,2026-04-14,completed
1953,461,2026-06-09,completed
1954,322,2026-04-05,completed
1955,277,2025-09-29,cancelled
1956,269,2026-03-05,completed
1957,355,2026-02-10,pending
1958,144,2025-12-11,completed
1959,157,2026-04-23,completed
1960,246,2026-04-27,completed
1961,39,2026-03-02,completed
1962,245,2026-01-22,completed
1963,6,2026-09-15,completed
1964,400,2026-06-24,completed
1965,92,2026-06-26,completed
1966,142,2026-08-29,completed
1967,165,2026-07-25,cancelled
1968,50,2026-03-26,cancelled
1969,392,2025-10-31,completed
1970,352,2025-10-07,completed
1971,82,2026-07-05,completed
1972,336,2026-08-20,completed
1973,76,2026-07-28,completed
1974,203,2025-12-16,pending
1975,30,2026-03-27,returned
1976,105,2026-08-06,completed
1977,168,2026-08-15,completed
1978,440,2026-06-12,completed
1979,168,2025-12-19,pending
1980,312,2026-06-10,completed
1981,329,2026-09-02,completed
1982,39,2026-05-08,completed
1983,226,2026-04-03,completed
1984,397,2026-03-07,pending
1985,241,2026-08-03,completed
1986,311,2025-12-15,pending
1987,330,2025-11-24,completed
1988,225,2026-06-04,returned
1989,36,2025-11-22,pending
1990,274,2026-05-10,completed
1991,314,2026-02-08,completed
1992,222,2025-12-12,pending
1993,296,2026-05-19,completed
1994,6,2025-11-05,completed
1995,336,2026-02-08,completed
1996,107,2026-05-21,completed
1997,310,2026-06-07,cancelled
1998,278,2026-03-24,completed
1999,477,2026-05-09,completed
2000,140,2026-05-17,completed
2001,451,2026-01-05,cancelled
2002,27,2026-01-01,completed
2003,261,2025-09-22,cancelled
2004,63,2026-08-02,cancelled
2005,411,2026-06-18,completed
2006,206,2025-11-01,returned
2007,486,2026-06-06,completed
2008,155,2026-07-21,completed
2009,416,2026-02-19,completed
2010,92,2025-10-23,completed
2011,242,2026-09-01,pending
2012,445,2025-12-16,pending
2013,91,2026-03-03,cancelled
2014,452,2025-09-29,cancelled
2015,208,2026-02-04,completed
2016,457,2026-08-27,completed
2017,392,2026-05-04,completed
2018,461,2025-11-11,completed
2019,440,2026-08-27,completed
2020,242,2026-01-29,cancelled
2021,344,2025-12-30,pending
2022,414,2026-07-31,cancelled
2023,369,2025-11-22,completed
2024,130,2026-06-30,completed
2025,266,2026-06-05,completed
2026,76,2026-01-28,completed
2027,325,2026-04-01,completed
2028,19,2025-11-22,pending
2029,294,2025-11-24,completed
2030,234,2026-07-28,completed
2031,458,2026-06-08,completed
2032,440,2026-05-17,completed
2033,66,2026-03-05,completed
2034,233,2026-01-05,completed
2035,205,2026-07-01,pending
2036,103,2026-07-27,pending
2037,270,2026-03-21,completed
2038,83,2026-09-01,completed
2039,433,2026-03-28,cancelled
2040,144,2026-08-16,completed
2041,371,2025-09-23,cancelled
2042,364,2025-12-06,completed
2043,388,2025-10-24,completed
2044,202,2025-12-12,pending
2045,73,2026-05-28,cancelled
2046,301,2026-03-23,cancelled
2047,143,2026-07-15,pending
2048,268,2025-12-24,completed
2049,308,2026-06-07,completed
2050,452,2025-11-03,returned
2051,240,2026-04-26,completed
2052,117,2026-05-28,completed
2053,493,2026-05-19,completed
2054,31,2026-01-17,completed
2055,170,2025-12-30,completed
2056,126,2026-05-06,completed
2057,55,2026-09-13,returned
2058,23,2025-12-30,completed
2059,62,2025-11-28,returned
2060,464,2025-12-03,completed
2061,444,2026-09-04,completed
2062,94,2026-07-13,completed
2063,436,2025-11-25,cancelled
2064,403,2026-03-26,completed
2065,333,2026-04-17,completed
2066,317,2026-08-04,completed
2067,48,2025-10-29,completed
2068,105,2026-06-08,completed
2069,10,2026-07-07,completed
2070,277,2026-07-06,completed
2071,48,2025-10-17,pending
2072,473,2026-06-02,completed
2073,424,2026-02-28,completed
2074,116,2026-03-04,pending
2075,417,2026-08-02,completed
2076,495,2025-10-30,completed
2077,436,2025-10-02,completed
2078,222,2026-09-07,completed
2079,492,2025-12-12,completed
2080,471,2025-10-18,pending
2081,361,2026-05-21,completed
2082,237,2026-03-14,completed
2083,334,2025-11-03,completed
2084,35,2026-05-08,returned
2085,253,2026-09-15,completed
2086,160,2025-09-29,completed
2087,394,2026-02-10,completed
2088,302,2025-09-27,completed
2089,273,2025-10-13,completed
2090,398,2025-10-15,pending
2091,375,2026-06-16,completed
2092,295,2026-06-20,pending
2093,161,2026-03-15,completed
2094,181,2026-09-01,returned
2095,386,2026-09-12,completed
2096,193,2025-10-19,completed
2097,4,2026-09-01,completed
2098,98,2026-07-26,completed
2099,193,2026-06-27,completed
2100,480,2026-06-05,completed
2101,57,2026-03-25,completed
2102,256,2025-09-18,completed
2103,282,2026-08-14,pending
2104,124,2025-11-30,returned
2105,388,2025-09-24,pending
2106,341,2026-07-08,completed
2107,392,2026-04-17,completed
2108,166,2026-01-15,completed
2109,272,2026-02-13,pending
2110,462,2026-04-04,completed
2111,275,2026-07-18,completed
2112,449,2026-03-25,completed
2113,24,2025-09-19,cancelled
2114,458,2026-05-24,completed
2115,329,2026-01-15,completed
2116,462,2026-05-06,completed
2117,425,2026-03-16,completed
2118,453,2026-06-08,cancelled
2119,7,2026-07-13,completed
2120,356,2026-04-21,completed
2121,83,2026-09-01,cancelled
2122,368,2026-08-13,cancelled
2123,204,2026-08-16,pending
2124,67,2026-08-03,completed
2125,57,2026-05-21,completed
2126,44,2026-02-05,pending
2127,317,2026-04-26,completed
2128,341,2026-01-19,cancelled
2129,24,2026-08-05,completed
2130,238,2025-10-12,completed
2131,80,2026-04-23,cancelled
2132,323,2026-07-07,completed
2133,84,2026-07-30,completed
2134,275,2026-05-06,completed
2135,75,2026-04-13,cancelled
2136,31,2025-10-24,pending
2137,20,2025-12-30,completed
2138,423,2025-12-08,cancelled
2139,253,2026-03-27,completed
2140,452,2026-01-18,completed
2141,495,2025-09-24,returned
2142,75,2025-11-04,completed
2143,484,2026-09-14,completed
2144,168,2025-11-25,completed
2145,113,2026-07-10,pending
2146,462,2025-11-11,completed
2147,279,2025-12-02,completed
2148,174,2026-04-23,completed
2149,94,2025-11-08,cancelled
2150,199,2025-12-11,completed
2151,395,2025-12-24,completed
2152,68,2026-01-16,pending
2153,348,2025-10-13,completed
2154,6,2025-12-17,cancelled
2155,162,2025-09-28,cancelled
2156,187,2026-06-15,completed
2157,150,2026-06-09,completed
2158,274,2025-11-01,cancelled
2159,436,2026-03-30,cancelled
2160,467,2026-08-25,completed
2161,244,2025-09-30,completed
2162,420,2026-01-27,completed
2163,178,2025-09-22,cancelled
2164,92,2026-07-01,completed
2165,494,2025-12-10,completed
2166,320,2026-08-23,cancelled
2167,252,2026-02-18,completed
2168,158,2026-09-03,completed
2169,43,2026-06-14,completed
2170,7,2026-03-24,pending
2171,104,2025-10-20,cancelled
2172,189,2026-06-15,pending
2173,100,2026-02-18,completed
2174,443,2026-07-21,completed
2175,414,2026-08-24,pending
2176,80,2026-08-26,completed
2177,372,2026-08-01,completed
2178,325,2025-10-05,cancelled
2179,30,2026-08-04,pending
2180,369,2026-01-25,returned
2181,121,2026-02-07,completed
2182,322,2026-04-25,completed
2183,376,2026-07-11,completed
2184,261,2026-06-21,completed
2185,296,2026-02-03,returned
2186,98,2026-05-23,completed
2187,153,2025-10-11,completed
2188,273,2026-08-25,completed
2189,178,2025-12-01,cancelled
2190,42,2026-08-29,completed
2191,359,2026-06-22,completed
2192,374,2025-12-16,pending
2193,162,2026-01-17,completed
2194,355,2025-10-04,completed
2195,379,2026-02-19,pending
2196,9,2026-04-04,completed
2197,50,2026-02-21,completed
2198,157,2025-10-24,pending
2199,223,2026-05-02,completed
2200,494,2026-03-11,completed
2201,267,2026-06-21,cancelled
2202,325,2026-05-08,completed
2203,68,2025-11-06,completed
2204,498,2025-12-01,completed
2205,215,2026-03-25,completed
2206,286,2025-12-20,completed
2207,499,2026-06-16,cancelled
2208,457,2025-09-29,completed
2209,321,2025-12-12,completed
2210,407,2026-08-09,pending
2211,116,2025-09-16,completed
2212,491,2026-03-27,completed
2213,311,2026-02-25,completed
2214,270,2025-11-25,pending
2215,135,2026-01-02,completed
2216,42,2026-03-08,completed
2217,82,2026-05-17,completed
2218,312,2026-04-04,completed
2219,65,2026-08-08,completed
2220,194,2025-11-03,completed
2221,331,2025-10-01,completed
2222,372,2025-12-09,pending
2223,79,2026-01-29,completed
2224,499,2026-06-06,completed
2225,386,2025-10-04,completed
2226,282,2026-05-17,pending
2227,118,2026-02-27,completed
2228,433,2026-05-26,completed
2229,167,2026-04-24,completed
2230,358,2025-10-02,completed
2231,303,2026-01-27,completed
2232,361,2026-04-09,completed
2233,5,2026-05-31,cancelled
2234,429,2026-07-06,completed
2235,335,2025-12-28,completed
2236,497,2025-11-20,completed
2237,104,2025-09-20,pending
2238,239,2026-09-14,completed
2239,14,2026-09-13,completed
2240,486,2026-04-16,pending
2241,289,2025-11-14,completed
2242,438,2026-06-18,completed
2243,478,2026-05-31,completed
2244,332,2026-05-01,completed
2245,396,2026-05-02,completed
2246,136,2026-06-22,completed
2247,407,2026-04-12,completed
2248,357,2026-01-30,completed
2249,356,2026-06-27,completed
2250,195,2026-01-01,completed
2251,34,2026-04-05,returned
2252,14,2026-04-24,completed
2253,334,2026-04-22,completed
2254,188,2026-06-09,completed
2255,463,2026-05-21,completed
2256,210,2026-09-09,completed
2257,347,2026-02-28,completed
2258,475,2026-08-06,completed
2259,76,2026-01-01,completed
2260,204,2026-03-29,completed
2261,132,2026-01-27,cancelled
2262,405,2026-02-02,completed
2263,430,2026-08-29,pending
2264,354,2025-12-14,pending
2265,331,2026-01-13,completed
2266,255,2025-10-22,completed
2267,125,2025-09-22,pending
2268,10,2026-03-17,completed
2269,425,2026-01-06,pending
2270,233,2026-04-29,returned
2271,200,2026-09-06,completed
2272,305,2025-11-25,completed
2273,442,2025-11-18,pending
2274,302,2025-11-23,completed
2275,390,2025-11-21,cancelled
2276,474,2026-06-27,completed
2277,284,2026-07-11,pending
2278,443,2025-12-31,completed
2279,37,2025-11-05,completed
2280,131,2026-09-04,completed
2281,220,2026-02-09,completed
2282,129,2026-04-07,completed
2283,95,2026-08-24,completed
2284,69,2026-02-11,pending
2285,189,2026-05-29,pending
2286,216,2026-09-12,completed
2287,46,2026-03-07,completed
2288,14,2026-02-07,completed
2289,281,2025-10-28,completed
2290,61,2026-06-21,completed
2291,384,2026-09-05,pending
2292,263,2025-09-26,pending
2293,138,2026-02-23,completed
2294,165,2026-06-16,cancelled
2295,90,2026-01-06,completed
2296,67,2026-08-26,cancelled
2297,39,2026-06-07,completed
2298,482,2026-03-24,completed
2299,401,2025-12-04,completed
2300,232,2026-05-18,completed
2301,488,2026-04-23,pending
2302,397,2026-01-25,completed
2303,289,2025-12-13,completed
2304,144,2026-08-28,completed
2305,263,2025-11-04,completed
2306,252,2026-08-09,returned
2307,139,2026-06-19,cancelled
2308,291,2026-07-17,completed
2309,137,2026-09-09,completed
2310,153,2026-07-15,completed
2311,299,2026-08-09,completed
2312,450,2026-09-01,completed
2313,95,2026-08-05,cancelled
2314,277,2025-10-28,completed
2315,203,2025-11-06,completed
2316,300,2026-05-27,pending
2317,245,2026-04-26,completed
2318,23,2026-01-17,pending
2319,475,2026-04-04,pending
2320,321,2026-07-22,pending
2321,294,2025-11-07,pending
2322,392,2026-04-19,completed
2323,316,2026-01-24,returned
2324,125,2026-05-20,completed
2325,3,2026-02-20,completed
2326,120,2025-12-21,completed
2327,229,2026-06-28,completed
2328,253,2026-02-01,completed
2329,431,2026-01-31,completed
2330,309,2026-02-10,pending
2331,129,2025-10-11,pending
2332,353,2026-07-15,cancelled
2333,367,2025-09-20,pending
2334,230,2026-03-10,cancelled
2335,180,2026-02-17,completed
2336,332,2026-05-18,completed
2337,391,2026-05-23,completed
2338,27,2025-11-07,completed
2339,447,2025-11-23,cancelled
2340,36,2026-03-27,completed
2341,295,2026-04-12,completed
2342,460,2026-09-08,completed
2343,366,2026-06-16,completed
2344,275,2025-12-16,completed
2345,404,2025-11-24,completed
2346,258,2025-12-21,completed
2347,87,2026-04-01,completed
2348,295,2025-12-12,pending
2349,329,2026-07-03,completed
2350,71,2026-01-06,completed
2351,457,2026-03-20,completed
2352,270,2026-05-02,cancelled
2353,107,2025-09-29,completed
2354,155,2025-09-25,completed
2355,398,2026-09-01,completed
2356,73,2026-03-09,completed
2357,131,2025-12-05,completed
2358,127,2025-09-17,cancelled
2359,29,2026-07-23,completed
2360,246,2026-02-20,completed
2361,53,2026-02-04,completed
2362,192,2026-08-04,completed
2363,28,2025-10-07,pending
2364,223,2025-10-05,pending
2365,375,2026-07-17,pending
2366,171,2026-06-21,completed
2367,49,2026-03-18,completed
2368,490,2025-10-12,completed
2369,471,2026-05-17,completed
2370,137,2026-07-10,pending
2371,470,2026-01-15,returned
2372,437,2026-09-04,completed
2373,342,2026-07-24,completed
2374,268,2025-10-02,completed
2375,141,2025-10-09,completed
2376,412,2026-03-27,cancelled
2377,116,2026-04-27,pending
2378,359,2025-12-26,completed
2379,155,2025-12-31,completed
2380,398,2026-04-24,completed
2381,419,2026-07-25,completed
2382,452,2026-01-10,returned
2383,413,2026-02-27,completed
2384,438,2026-06-25,completed
2385,6,2026-07-27,completed
2386,92,2026-03-24,completed
2387,294,2026-07-31,completed
2388,300,2026-08-28,completed
2389,422,2026-05-07,cancelled
2390,305,2026-05-02,completed
2391,72,2025-10-03,completed
2392,256,2026-01-27,completed
2393,244,2026-05-06,pending
2394,216,2025-12-22,pending
2395,125,2026-08-08,completed
2396,450,2026-02-23,completed
2397,78,2026-04-22,pending
2398,369,2026-02-05,completed
2399,481,2025-10-06,pending
2400,27,2026-08-26,completed
2401,403,2026-08-05,pending
2402,339,2026-06-07,completed
2403,49,2026-06-21,completed
2404,255,2026-02-12,returned
2405,396,2025-11-01,completed
2406,55,2025-11-04,completed
2407,339,2025-09-22,cancelled
2408,102,2026-07-04,completed
2409,304,2026-06-14,completed
2410,244,2026-03-14,pending
2411,137,2026-05-01,completed
2412,465,2026-03-07,completed
2413,205,2026-02-02,completed
2414,276,2025-10-02,pending
2415,256,2025-11-12,returned
2416,401,2026-05-28,completed
2417,92,2026-04-23,completed
2418,170,2026-06-23,completed
2419,151,2025-12-20,completed
2420,160,2026-02-07,returned
2421,449,2026-03-25,completed
2422,400,2026-03-29,pending
2423,258,2025-10-09,pending
2424,405,2025-11-25,completed
2425,373,2025-11-28,completed
2426,76,2025-12-08,completed
2427,176,2026-08-24,cancelled
2428,328,2026-08-30,completed
2429,429,2026-01-07,completed
2430,20,2026-06-03,completed
2431,10,2025-11-16,returned
2432,443,2026-01-19,completed
2433,394,2026-09-01,completed
2434,373,2025-10-24,pending
2435,404,2026-04-02,pending
2436,441,2025-10-13,completed
2437,145,2025-09-18,completed
2438,210,2026-07-22,completed
2439,310,2026-08-10,completed
2440,50,2025-11-14,returned
2441,411,2025-10-22,completed
2442,432,2026-04-23,pending
2443,480,2025-09-15,completed
2444,161,2025-10-26,cancelled
2445,50,2026-06-16,cancelled
2446,23,2025-12-11,completed
2447,483,2026-03-21,completed
2448,334,2026-05-18,cancelled
2449,242,2025-11-02,completed
2450,124,2026-03-15,returned
2451,450,2026-04-12,completed
2452,222,2026-01-19,completed
2453,468,2025-10-29,completed
2454,333,2025-12-03,completed
2455,304,2025-10-12,completed
2456,63,2026-05-17,returned
2457,129,2026-01-01,pending
2458,70,2025-12-20,returned
2459,58,2025-10-03,pending
2460,176,2026-09-01,completed
2461,446,2026-07-28,completed
2462,441,2026-01-11,completed
2463,441,2025-11-05,cancelled
2464,27,2026-02-06,completed
2465,106,2026-03-20,completed
2466,244,2026-09-06,pending
2467,180,2025-10-19,completed
2468,431,2025-12-24,completed
2469,332,2026-09-14,completed
2470,58,2025-12-10,completed
2471,266,2025-11-28,pending
2472,389,2025-12-15,returned
2473,78,2025-10-22,returned
2474,176,2026-03-06,completed
2475,371,2025-10-24,pending
2476,344,2025-11-05,pending
2477,168,2026-03-03,completed
2478,254,2026-07-01,completed
2479,54,2026-05-17,completed
2480,241,2025-11-16,completed
2481,501,2025-11-22,completed
2482,191,2025-09-20,completed
2483,303,2025-11-13,cancelled
2484,62,2025-10-18,completed
2485,24,2026-03-13,completed
2486,476,2026-07-12,pending
2487,259,2026-03-30,completed
2488,286,2025-11-20,completed
2489,323,2026-05-02,completed
2490,377,2025-12-19,completed
2491,33,2026-08-21,completed
2492,373,2026-02-15,cancelled
2493,429,2026-04-12,completed
2494,195,2026-01-17,completed
2495,45,2026-07-15,pending
2496,224,2026-06-29,completed
2497,286,2026-05-24,cancelled
2498,112,2026-02-22,returned
2499,476,2026-06-19,pending
2500,153,2026-07-29,completed
2501,360,2025-12-08,completed
2502,204,2026-07-13,cancelled
2503,450,2025-12-12,completed
2504,280,2025-10-27,cancelled
2505,270,2026-03-22,completed
2506,220,2026-04-01,completed
2507,47,2026-09-14,completed
2508,237,2026-02-11,completed
2509,398,2026-01-16,completed
2510,44,2026-04-12,completed
2511,99,2026-02-26,completed
2512,333,2026-06-12,completed
2513,182,2026-03-14,completed
2514,150,2026-05-30,pending
2515,297,2026-04-02,completed
2516,424,2026-05-06,pending
2517,242,2026-02-09,completed
2518,455,2026-08-20,completed
2519,142,2025-10-28,completed
2520,118,2026-03-09,returned
2521,194,2025-10-07,pending
2522,29,2026-07-27,completed
2523,237,2026-03-15,completed
2524,400,2026-08-10,completed
2525,412,2026-03-23,completed
2526,429,2026-07-07,completed
2527,377,2026-07-26,completed
2528,266,2025-09-20,completed
2529,139,2026-06-21,completed
2530,206,2026-01-30,completed
2531,343,2025-11-06,pending
2532,371,2026-05-14,pending
2533,151,2025-11-16,cancelled
2534,208,2025-12-05,pending
2535,493,2026-01-20,cancelled
2536,242,2026-05-19,completed
2537,376,2025-10-16,completed
2538,93,2026-02-05,pending
2539,33,2026-07-31,completed
2540,124,2026-01-26,completed
2541,133,2026-06-26,completed
2542,115,2026-03-31,pending
2543,366,2026-02-25,completed
2544,48,2025-10-23,completed
2545,331,2025-12-20,completed
2546,41,2026-04-11,returned
2547,370,2026-06-10,cancelled
2548,108,2026-03-25,pending
2549,173,2026-06-23,pending
2550,430,2025-11-17,completed
2551,195,2026-09-09,completed
2552,453,2025-11-04,completed
2553,70,2026-04-10,cancelled
2554,38,2026-09-04,pending
2555,273,2026-06-18,completed
2556,389,2026-08-30,returned
2557,312,2026-04-07,completed
2558,173,2026-03-29,completed
2559,480,2026-05-22,completed
2560,426,2025-12-10,completed
2561,123,2026-05-01,completed
2562,384,2026-04-01,completed
2563,449,2026-06-28,returned
2564,47,2026-07-29,pending
2565,352,2026-08-29,completed
2566,132,2025-10-31,cancelled
2567,294,2026-08-17,completed
2568,150,2026-07-23,pending
2569,157,2026-07-04,cancelled
2570,401,2026-08-29,completed
2571,71,2026-05-26,completed
2572,372,2025-12-08,completed
2573,233,2026-07-20,completed
2574,261,2026-02-20,completed
2575,295,2026-06-05,completed
2576,132,2026-06-04,completed
2577,321,2025-12-15,cancelled
2578,330,2026-09-04,completed
2579,328,2026-05-10,returned
2580,152,2026-01-02,completed
2581,96,2026-04-24,pending
2582,208,2026-07-21,completed
2583,360,2026-04-26,completed
2584,228,2026-04-05,completed
2585,268,2025-10-09,completed
2586,462,2025-10-15,returned
2587,430,2026-01-19,pending
2588,463,2026-05-02,completed
2589,280,2026-03-19,completed
2590,210,2026-09-02,completed
2591,52,2026-06-16,completed
2592,294,2025-09-28,completed
2593,399,2026-05-12,completed
2594,437,2025-10-18,completed
2595,246,2026-08-19,pending
2596,438,2025-12-10,completed
2597,40,2026-04-02,completed
2598,486,2026-02-25,completed
2599,144,2026-03-08,completed
2600,29,2026-03-31,completed
2601,488,2026-09-05,completed
2602,140,2025-11-22,completed
2603,484,2026-08-22,completed
2604,345,2026-02-27,completed
2605,383,2026-02-01,cancelled
2606,13,2025-10-13,completed
2607,47,2026-04-27,cancelled
2608,57,2026-06-05,completed
2609,106,2026-05-15,pending
2610,85,2026-03-02,completed
2611,123,2026-04-26,pending
2612,194,2026-03-14,completed
2613,153,2026-04-01,completed
2614,444,2026-07-25,completed
2615,152,2026-04-13,completed
2616,147,2026-02-21,returned
2617,427,2026-03-15,completed
2618,89,2026-07-21,cancelled
2619,329,2026-07-18,completed
2620,478,2025-11-01,returned
2621,426,2026-03-22,completed
2622,280,2025-11-25,completed
2623,493,2026-09-13,pending
2624,476,2025-09-28,returned
2625,401,2026-05-08,pending
2626,194,2026-01-09,completed
2627,94,2026-03-25,completed
2628,449,2026-02-07,completed
2629,278,2025-11-22,returned
2630,209,2026-05-01,completed
2631,396,2025-12-10,cancelled
2632,169,2025-10-03,completed
2633,139,2025-12-22,completed
2634,410,2025-09-25,completed
2635,308,2026-08-08,pending
2636,174,2026-01-24,pending
2637,147,2026-09-13,completed
2638,122,2026-02-01,cancelled
2639,480,2026-04-29,completed
2640,341,2026-05-23,returned
2641,470,2026-04-11,completed
2642,385,2025-09-26,completed
2643,351,2025-10-30,completed
2644,454,2025-12-26,completed
2645,353,2026-04-01,completed
2646,65,2026-06-26,completed
2647,139,2026-01-18,completed
2648,97,2026-01-30,completed
2649,435,2025-12-15,completed
2650,135,2026-08-22,completed
2651,93,2026-02-05,cancelled
2652,115,2026-04-20,cancelled
2653,191,2025-11-25,completed
2654,202,2026-01-22,completed
2655,267,2026-07-10,completed
2656,149,2025-12-31,pending
2657,321,2026-05-06,completed
2658,308,2026-05-05,completed
2659,428,2025-11-02,pending
2660,109,2026-03-28,completed
2661,234,2026-04-13,completed
2662,319,2025-12-22,cancelled
2663,25,2026-02-05,completed
2664,20,2026-07-29,pending
2665,487,2026-07-29,returned
2666,186,2025-11-25,completed
2667,215,2026-09-01,completed
2668,277,2026-08-19,completed
2669,174,2026-08-23,returned
2670,495,2026-01-17,completed
2671,157,2025-11-14,returned
2672,221,2025-10-14,returned
2673,453,2026-05-22,completed
2674,302,2026-01-13,completed
2675,451,2026-03-29,pending
2676,37,2026-01-16,completed
2677,326,2026-09-12,completed
2678,147,2026-03-10,cancelled
2679,481,2026-08-15,completed
2680,5,2026-01-18,completed
2681,271,2025-11-15,completed
2682,70,2026-04-13,completed
2683,312,2026-02-09,completed
2684,321,2026-04-18,completed
2685,83,2026-07-29,completed
2686,363,2025-12-05,completed
2687,500,2026-03-27,completed
2688,168,2026-06-28,completed
2689,381,2026-01-28,completed
2690,283,2025-12-05,cancelled
2691,103,2026-09-12,completed
2692,491,2026-03-18,pending
2693,90,2026-04-07,completed
2694,377,2026-02-05,completed
2695,285,2026-01-26,completed
2696,361,2026-08-29,returned
2697,215,2026-03-13,completed
2698,484,2025-12-20,completed
2699,373,2026-02-03,completed
2700,37,2026-07-23,completed
2701,468,2026-01-11,completed
2702,364,2026-04-26,cancelled
2703,78,2026-06-18,completed
2704,205,2026-06-24,pending
2705,90,2025-12-29,completed
2706,252,2025-12-19,completed
2707,356,2025-09-17,pending
2708,275,2026-01-05,completed
2709,105,2026-05-01,completed
2710,166,2026-08-02,completed
2711,490,2026-08-08,completed
2712,331,2026-07-13,completed
2713,143,2025-10-12,completed
2714,297,2026-07-16,completed
2715,76,2026-08-15,completed
2716,82,2026-04-22,completed
2717,396,2025-11-14,pending
2718,197,2025-11-26,completed
2719,371,2026-07-16,completed
2720,475,2026-01-15,completed
2721,294,2025-12-10,completed
2722,450,2026-07-02,completed
2723,92,2025-10-16,completed
2724,73,2026-01-26,cancelled
2725,169,2026-02-06,returned
2726,10,2025-10-17,pending
2727,196,2025-12-31,pending
2728,337,2025-10-24,completed
2729,178,2026-07-14,completed
2730,219,2025-11-28,cancelled
2731,110,2025-12-03,pending
2732,248,2025-11-17,cancelled
2733,144,2026-04-29,completed
2734,371,2025-12-02,returned
2735,273,2026-02-15,completed
2736,135,2026-06-08,returned
2737,115,2026-08-28,pending
2738,187,2025-10-20,cancelled
2739,320,2026-07-04,completed
2740,486,2026-02-25,completed
2741,286,2026-01-09,completed
2742,21,2025-09-20,completed
2743,252,2026-04-30,completed
2744,266,2026-08-29,completed
2745,57,2025-11-08,returned
2746,102,2026-07-28,completed
2747,42,2026-07-05,returned
2748,412,2025-12-27,completed
2749,14,2026-06-23,completed
2750,362,2025-10-16,completed
2751,172,2026-06-26,completed
2752,474,2025-11-18,completed
2753,125,2026-02-02,pending
2754,161,2026-03-27,returned
2755,409,2026-09-15,completed
2756,385,2026-05-27,completed
2757,290,2026-03-25,pending
2758,35,2026-04-08,completed
2759,258,2026-04-24,completed
2760,254,2026-07-17,completed
2761,304,2026-06-19,completed
2762,310,2025-09-17,completed
2763,250,2026-01-25,completed
2764,294,2025-12-10,completed
2765,109,2026-03-22,pending
2766,36,2026-04-07,pending
2767,241,2026-06-22,completed
2768,342,2026-02-09,completed
2769,361,2026-08-06,pending
2770,322,2026-08-23,completed
2771,459,2026-04-07,completed
2772,269,2026-08-15,completed
2773,226,2026-06-25,cancelled
2774,25,2026-02-14,completed
2775,290,2026-08-30,completed
2776,420,2026-07-28,completed
2777,464,2026-04-16,completed
2778,138,2026-02-14,completed
2779,218,2026-06-18,completed
2780,347,2026-03-31,cancelled
2781,56,2025-12-26,pending
2782,25,2026-07-27,cancelled
2783,370,2025-11-04,completed
2784,7,2026-05-31,completed
2785,391,2026-03-20,completed
2786,138,2026-09-09,completed
2787,134,2026-08-07,completed
2788,296,2025-12-26,completed
2789,47,2026-05-04,completed
2790,129,2026-06-10,completed
2791,121,2026-02-16,completed
2792,263,2026-01-26,completed
2793,386,2026-07-29,completed
2794,221,2026-06-30,completed
2795,150,2026-07-20,completed
2796,66,2025-12-29,pending
2797,491,2026-03-17,cancelled
2798,428,2026-01-04,completed
2799,228,2026-04-27,completed
2800,320,2025-10-28,completed
2801,318,2025-10-15,pending
2802,318,2026-05-26,completed
2803,169,2026-09-10,completed
2804,71,2025-09-24,pending
2805,186,2026-08-22,completed
2806,351,2025-09-17,pending
2807,415,2025-09-29,completed
2808,298,2025-11-11,completed
2809,14,2026-01-05,completed
2810,26,2026-05-06,completed
2811,256,2026-04-17,completed
2812,218,2026-08-02,cancelled
2813,395,2025-10-11,completed
2814,219,2025-12-10,completed
2815,396,2026-05-08,completed
2816,313,2026-07-14,completed
2817,479,2026-09-12,completed
2818,152,2025-10-27,completed
2819,393,2026-01-12,completed
2820,55,2026-01-09,completed
2821,275,2025-11-30,pending
2822,266,2026-01-11,returned
2823,306,2026-03-09,cancelled
2824,211,2026-03-24,pending
2825,375,2026-05-04,completed
2826,119,2026-02-17,pending
2827,445,2026-06-12,pending
2828,181,2026-05-22,returned
2829,160,2025-12-27,completed
2830,410,2025-12-28,pending
2831,336,2026-03-24,completed
2832,80,2026-04-28,cancelled
2833,377,2026-02-03,pending
2834,463,2026-04-29,pending
2835,330,2026-06-04,completed
2836,446,2025-11-06,pending
2837,279,2026-09-02,completed
2838,494,2026-05-25,completed
2839,367,2026-08-23,completed
2840,407,2026-02-16,returned
2841,459,2026-08-09,completed
2842,405,2026-06-30,completed
2843,368,2026-06-05,cancelled
2844,144,2025-12-31,completed
2845,421,2026-02-13,completed
2846,232,2026-06-15,pending
2847,353,2025-11-01,completed
2848,235,2026-07-21,returned
2849,219,2026-09-10,returned
2850,158,2026-05-30,returned
2851,142,2026-08-17,pending
2852,416,2025-12-29,completed
2853,117,2026-08-28,completed
2854,407,2025-10-10,completed
2855,283,2025-12-03,completed
2856,297,2026-07-09,completed
2857,419,2026-05-31,completed
2858,34,2026-07-07,completed
2859,307,2025-10-23,completed
2860,192,2025-11-02,completed
2861,471,2026-07-18,pending
2862,263,2025-10-31,pending
2863,160,2026-04-25,completed
2864,397,2026-08-02,returned
2865,303,2026-05-09,completed
2866,464,2026-05-02,completed
2867,465,2026-05-01,completed
2868,146,2025-10-06,completed
2869,242,2026-06-12,completed
2870,391,2026-08-05,completed
2871,292,2026-03-24,completed
2872,223,2026-02-14,completed
2873,351,2026-03-13,completed
2874,187,2025-11-28,completed
2875,461,2026-04-05,completed
2876,222,2026-01-19,cancelled
2877,196,2026-03-28,completed
2878,391,2026-06-22,cancelled
2879,162,2026-02-09,returned
2880,235,2026-05-31,completed
2881,72,2026-05-16,completed
2882,76,2025-11-18,completed
2883,173,2025-11-20,completed
2884,417,2026-01-21,pending
2885,423,2026-03-03,completed
2886,66,2025-12-19,completed
2887,365,2026-09-06,completed
2888,206,2026-04-08,completed
2889,425,2025-12-21,completed
2890,4,2025-11-03,completed
2891,233,2025-11-10,completed
2892,475,2026-04-12,cancelled
2893,330,2025-09-26,completed
2894,296,2025-11-06,completed
2895,434,2025-10-18,completed
2896,163,2026-07-10,completed
2897,382,2026-07-24,completed
2898,416,2026-06-13,completed
2899,426,2026-02-01,returned
2900,404,2026-05-13,completed
2901,269,2025-12-12,completed
2902,133,2025-10-22,completed
2903,475,2025-10-04,completed
2904,20,2026-07-30,completed
2905,398,2026-06-04,completed
2906,186,2026-09-01,completed
2907,32,2026-05-09,completed
2908,101,2025-11-18,completed
2909,259,2026-03-01,completed
2910,209,2025-12-02,cancelled
2911,29,2026-02-24,completed
2912,182,2026-06-04,completed
2913,278,2025-12-03,cancelled
2914,376,2026-04-09,completed
2915,488,2026-04-16,completed
2916,483,2025-11-22,completed
2917,414,2026-07-18,completed
2918,14,2025-09-25,completed
2919,92,2025-11-20,returned
2920,95,2025-11-10,completed
2921,390,2026-08-30,pending
2922,58,2026-08-13,completed
2923,303,2025-12-02,completed
2924,393,2026-02-12,completed
2925,27,2025-11-16,cancelled
2926,26,2025-10-21,completed
2927,355,2026-02-18,cancelled
2928,180,2026-01-12,completed
2929,25,2026-07-24,completed
2930,467,2025-10-12,completed
2931,458,2026-01-03,completed
2932,77,2026-04-05,completed
2933,331,2025-11-06,completed
2934,136,2026-08-09,completed
2935,350,2026-01-11,completed
2936,159,2026-01-26,completed
2937,195,2026-09-02,pending
2938,84,2026-06-30,completed
2939,110,2026-07-25,returned
2940,237,2026-03-31,completed
2941,340,2026-01-10,cancelled
2942,440,2026-08-24,completed
2943,294,2025-12-21,completed
2944,286,2025-10-29,cancelled
2945,203,2026-06-07,completed
2946,173,2026-03-03,returned
2947,46,2026-06-14,completed
2948,413,2026-03-14,cancelled
2949,236,2025-11-13,completed
2950,457,2026-02-05,completed
2951,412,2025-12-14,completed
2952,5,2025-09-22,completed
2953,36,2026-01-14,completed
2954,467,2026-07-28,completed
2955,291,2026-04-14,completed
2956,259,2026-08-29,completed
2957,452,2026-03-16,completed
2958,266,2026-06-03,completed
2959,471,2025-10-27,completed
2960,484,2026-08-07,completed
2961,265,2026-04-23,completed
2962,276,2026-07-22,completed
2963,131,2026-04-16,completed
2964,475,2025-09-15,pending
2965,500,2026-04-12,returned
2966,346,2026-02-23,completed
2967,326,2025-11-13,completed
2968,358,2026-01-14,completed
2969,185,2026-05-17,cancelled
2970,369,2026-04-21,completed
2971,455,2026-06-20,completed
2972,368,2026-08-14,pending
2973,205,2026-06-05,cancelled
2974,116,2025-12-02,completed
2975,335,2026-06-01,completed
2976,454,2026-07-11,pending
2977,195,2025-11-04,cancelled
2978,385,2026-08-29,returned
2979,433,2026-08-27,returned
2980,292,2026-03-23,completed
2981,258,2025-11-01,completed
2982,360,2025-09-25,completed
2983,187,2026-05-20,completed
2984,20,2026-09-05,completed
2985,292,2025-11-03,completed
2986,311,2026-01-26,completed
2987,153,2026-06-08,returned
2988,483,2026-06-07,completed
2989,437,2025-10-04,completed
2990,254,2025-11-22,cancelled
2991,478,2025-09-28,completed
2992,338,2025-10-01,completed
2993,496,2026-06-20,returned
2994,274,2026-03-12,completed
2995,125,2026-07-08,completed
2996,370,2026-05-24,completed
2997,171,2026-03-04,pending
2998,186,2026-03-18,returned
2999,399,2026-07-28,completed
3000,465,2026-02-22,completed
