product_id,name,category,price,description
1,De-engineered attitude-oriented instruction set,Beauty,60.11,Kitchen report fire teach. Work create pass admit student.
2,Intuitive tertiary concept,Beauty,141.14,Might wait idea study prove assume. Challenge entire common and part read important. Find night brother. Nothing recent not leg break bed role.
3,Enterprise-wide foreground parallelism,Clothing,74.07,Short small design. Least theory wall film race wall. Section scene financial here expert. Cell firm difficult could third.
4,Enhanced explicit firmware,Electronics,339.97,Begin great hair sign mission. Reach color wear one choose notice year its. Debate record mean stop some.
5,Cross-group multimedia throughput,Sports,48.03,Design end two military piece. Cause only head help open almost red.
6,Self-enabling heuristic access,Books,20.73,Little from total cost group clear. Control against speak lead office itself human.
7,Fully-configurable eco-centric success,Electronics,113.23,Full question feel wife theory shake too medical. International especially officer or clearly coach. Though whole wall cup win.
8,Versatile client-driven capacity,Sports,303.0,Wife finally she. Learn close a challenge third feeling. Continue tax job right.
9,Distributed systemic open architecture,Sports,103.42,Local general likely. Recognize tree protect story relationship several. Hold five very hundred.
10,Inverse executive service-desk,Beauty,352.16,Hour author major science only develop part should. Gun may ability out huge back. Catch could deep itself fund.
11,Streamlined contextually-based interface,Books,114.12,Find push lose end western. Clear radio strong let.
12,Configurable grid-enabled software,Sports,142.7,Sound activity five offer himself lawyer. President prove institution approach interesting score break.
13,Organized motivating hub,Electronics,380.61,Such will born condition interest service. Character front various opportunity. Method pass the itself let.
14,Balanced bottom-line matrix,Clothing,350.58,Anyone out hard international push short. Myself condition ground. Land fear along.
15,Customizable heuristic superstructure,Home & Kitchen,142.55,School eat base behind risk plan issue.
16,Grass-roots grid-enabled knowledgebase,Clothing,478.82,Try tough usually star notice. Baby head chair. High woman bad until. Institution against wear either present.
17,Configurable intermediate budgetary management,Home & Kitchen,55.59,End field method take during sometimes hear. Democrat very ever read control maybe animal.
18,Open-architected contextually-based service-desk,Books,52.87,Above debate site price ever. Out wish fish determine adult foot as.
19,Horizontal upward-trending structure,Home & Kitchen,303.84,Onto play forget home upon actually future. State charge take material mother color. Eight allow system whose place no. Bar security morning fight seem later.
20,Persistent 4thgeneration collaboration,Electronics,366.22,Coach goal it yet age wind news make. Heart Mrs her we but. Design yeah number condition city since. Nearly goal design too everything side.
21,Self-enabling bi-directional secured line,Sports,66.79,Movie hot teacher manager less step last. Hundred about stop several. Raise better oil individual.
22,Operative incremental core,Books,44.01,Difference particular me ball number impact age particular.
23,Down-sized non-volatile product,Home & Kitchen,415.56,Weight age over smile. Need tell sure claim hard themselves. Line require current car.
24,Cloned 4thgeneration database,Sports,443.3,Learn raise kitchen drop computer left political. Study the training each reveal attorney security radio. Term yet television audience indicate employee.
25,Universal national capability,Home & Kitchen,290.79,Resource just still art speech stock rise. Guy respond memory. Investment buy certainly energy stay send. Reveal hand prevent center.
26,Fully-configurable mission-critical database,Beauty,39.43,Form really leader remember. Serious garden ready former late.
27,Fundamental non-volatile focus group,Beauty,117.81,Seven challenge eye. They nor research fill respond. Plant little key far season reason chair. Teacher either direction surface on.
28,Digitized optimal access,Home & Kitchen,492.68,Return seat you image peace color. Popular onto may model her unit.
29,Stand-alone composite moderator,Clothing,433.91,Low here protect ask. Finally difference everything sing smile. Ground least tree trade style.
30,Progressive discrete support,Books,142.6,Professional huge better forget attack network. Suggest Mrs bag something land mission each.
31,User-centric contextually-based solution,Beauty,417.88,Ready lay American participant necessary. Sea safe true town.
32,De-engineered multi-state framework,Clothing,188.24,Dinner one ok less Mr. Five plant cultural.
33,Customizable leadingedge artificial intelligence,Clothing,336.74,Between operation our feel act. Technology born though since crime south. Sense yeah edge imagine establish piece forget low.
34,Horizontal secondary framework,Beauty,468.64,Eat every night final key with watch. According throw meeting many condition set pull.
35,Cross-platform leadingedge Graphical User Interface,Beauty,40.34,Cover board discussion film. Floor most bill feel participant. Public food court how commercial citizen production.
36,Inverse multi-state leverage,Beauty,89.71,Sister especially usually line task field. Fill risk stop firm. Interesting hour individual several identify. Government south window short affect region.
37,Expanded stable structure,Beauty,126.18,Strategy age into him newspaper. Something pay key ever avoid.
38,Diverse fresh-thinking success,Books,192.83,Like wife animal process reach training main exactly. Only arrive argue garden Mrs just exist line. Foot simple including charge.
39,Distributed optimizing framework,Beauty,345.64,No just foreign national produce. Most fact against sign attention skill represent. Whatever guess significant section Democrat fly.
40,Focused logistical hierarchy,Clothing,343.88,Question region effort section age. Politics interview south something. Art writer health not yet where their.
41,Inverse national matrix,Electronics,118.38,Free attack away begin next both citizen. Suffer because two particular year sell short.
42,Optional even-keeled Local Area Network,Electronics,403.5,Practice authority possible fund. Sit science way threat husband family perhaps. Affect different interview else development purpose.
43,Inverse national knowledgebase,Books,137.53,Understand throw resource officer country challenge final. Ago own suddenly single.
44,Quality-focused grid-enabled architecture,Clothing,457.0,Up probably cut clear yard do. Sign agree there want but. Agent test take decade any just.
45,Exclusive demand-driven throughput,Sports,438.8,Sport behavior compare tree right business series build. Scientist group yet indeed decision before medical. Effort born lead account sound hundred tax.
46,Multi-channeled high-level function,Home & Kitchen,110.25,Watch present director red practice special. Administration who role today animal suggest concern.
47,Advanced clear-thinking model,Books,200.84,Reason several article sort. He increase church common view.
48,Distributed user-facing workforce,Beauty,232.13,These body class marriage fill personal. Perform agreement ago agreement like.
49,User-centric client-server installation,Home & Kitchen,74.12,Help out modern citizen address today begin.
50,Cloned bifurcated leverage,Beauty,282.88,Task Mr care owner PM find. Tonight either follow music whatever protect benefit. See system cultural despite candidate walk difficult.
51,Configurable value-added attitude,Home & Kitchen,374.77,Thought black difficult continue process. Report left opportunity might write entire. Foreign hear certainly say.
52,Automated value-added website,Books,449.42,Answer cup consider central alone some class follow. Lose tax could thank wife if yeah. Perform national brother evidence shoulder under front.
53,Enterprise-wide eco-centric Graphical User Interface,Books,184.19,Lead benefit task shake enjoy site interview. Who call dinner. Store build require call girl laugh network.
54,Configurable motivating contingency,Clothing,257.22,Crime style develop admit safe government over. None most another mouth. Discover water most hear beyond close plant.
55,Secured directional system engine,Electronics,379.11,Walk participant teach everything where we fast. Will throw life carry visit a edge.
56,Realigned static function,Electronics,80.66,Order at sense cell lose civil will with. Hospital city industry option eat.
57,Monitored asynchronous definition,Clothing,397.08,Throughout but science want. Day central every force.
58,Sharable bottom-line model,Books,300.22,Bill pick likely produce federal by sea. Child they senior result themselves we American.
59,Function-based bifurcated product,Books,193.9,One then reality some serve different. Become rule where ten. Thank professor student white instead.
60,Sharable bi-directional throughput,Books,266.91,Toward policy forget project economy. Bar big south drug manager opportunity.
61,Synchronized encompassing benchmark,Sports,431.09,Parent not parent that property among blue. Offer brother shake guess. Instead hour season girl small system of mission.
62,Open-architected responsive synergy,Electronics,341.74,Democratic Congress piece. Better turn soon rock support effect. Good whole everybody situation foot recognize.
63,Sharable empowering throughput,Electronics,342.45,Next tell possible scientist send. Suddenly task free pattern.
64,User-centric discrete functionalities,Sports,376.68,Trial bed image perform. Series dark task magazine.
65,Mandatory leadingedge hierarchy,Beauty,173.39,Follow born ok training. Fast nice concern peace away behavior Republican.
66,Switchable impactful firmware,Home & Kitchen,220.21,Mouth however TV billion what sport. Party wife food different step.
67,Fully-configurable neutral collaboration,Books,6.61,Manager street work. Themselves key specific certainly father.
68,Ameliorated reciprocal matrices,Beauty,438.55,News your court control million hundred. Thousand without section religious word sound enjoy. Hair understand doctor music baby really.
69,Inverse tangible encryption,Home & Kitchen,486.08,Can wonder six medical little finish southern page. Response population never world let off. Least just opportunity.
70,Cloned composite adapter,Clothing,256.3,Next arm girl test challenge radio assume. Now water road require make. Worry Democrat laugh Mrs.
71,Synergistic exuding groupware,Electronics,435.91,Sometimes meet imagine short woman only television. Apply senior onto simple audience as including claim.
72,Ergonomic dynamic policy,Home & Kitchen,421.63,Ahead up rock forward. Watch off we hold.
73,Open-source homogeneous standardization,Sports,306.44,Suggest consumer find concern. These matter continue husband dinner worry. Fund sell model after.
74,Robust analyzing open architecture,Clothing,190.09,Believe ability world actually force fill. Nor teacher western country per consider despite.
75,Monitored bandwidth-monitored software,Clothing,271.99,Hear computer key suffer sign medical sport knowledge. Although Mr when wait southern find fact give.
76,Enterprise-wide optimizing model,Sports,459.65,Marriage page young turn. Up nature home language bring never full.
77,Multi-lateral client-server encoding,Sports,165.46,Some among around word lose. Better mind professional fly month offer mother hour. Poor executive career shake fall phone identify.
78,Multi-tiered attitude-oriented matrix,Electronics,60.37,Bit night participant fill yeah side side.
79,Total analyzing moderator,Home & Kitchen,439.97,Water film onto too myself.
80,Stand-alone foreground support,Home & Kitchen,123.53,Agreement whom his goal Mrs statement range.
81,Optional user-facing migration,Clothing,439.61,Meet race and Democrat. Wear throughout Republican authority data deal policy. And high too.
82,Customizable explicit ability,Electronics,47.4,Worker would step head study and. Out perform election two.
83,Synergized object-oriented strategy,Books,408.93,Daughter these say evening real. Statement help successful couple single effect. Phone house receive. Can ready audience boy city social at.
84,Public-key fresh-thinking concept,Sports,384.09,Expect expert talk end set house. Wear never marriage camera yet.
85,Phased mission-critical benchmark,Clothing,331.58,Also hold base really attack. Past just central others American value.
86,Visionary content-based throughput,Sports,86.74,Analysis add check teacher economy compare. Customer popular hospital check factor as contain.
87,Ergonomic full-range protocol,Sports,436.85,The attorney early. Explain claim natural fish born assume million. Peace college usually.
88,Multi-layered 5thgeneration circuit,Books,482.36,Accept about around hold note. Several along nation after station.
89,Phased object-oriented project,Sports,378.86,Rate hit travel down make. Generation write lawyer try check. These difference expert room white home either.
90,Diverse holistic support,Beauty,104.57,South century least represent must dinner.
91,Open-architected clear-thinking product,Home & Kitchen,202.5,Walk inside individual safe know. Less full program card morning early. Nothing way role six guy.
92,Persistent neutral task-force,Beauty,326.69,Popular degree center board present feel. Include current front three process view it wall. Really history project.
93,Future-proofed value-added software,Books,450.31,Political offer song character. Life test candidate use first usually. Most physical along best assume again turn thank.
94,Managed background functionalities,Books,64.9,Season when film at perhaps. On stock little region face big. Civil thing clear budget travel important no.
95,Self-enabling methodical standardization,Clothing,36.69,Wish professional chair knowledge sense. They list local short.
96,Reverse-engineered system-worthy hierarchy,Electronics,296.21,Occur language after man public gas fund be. Attention career feel hour change year. Which fly represent we bar.
97,Robust modular adapter,Clothing,296.28,Individual college surface court exactly minute trouble majority. Appear draw fill large. Front evening yet prevent process four. Candidate within person.
98,User-centric object-oriented adapter,Electronics,40.14,Current like home receive establish heart. Sort table six imagine garden wall.
99,Up-sized empowering neural-net,Beauty,34.14,Example bar last public south tree technology. Age campaign seven drug.
100,Enhanced holistic architecture,Electronics,453.18,Soon single tell act add southern thank. Audience old whole wide piece former professor partner.
