review_id,product_id,customer_id,rating,review_text
1,37,191,1,Project group door movement under sometimes.
2,90,467,1,Admit within door hold bank.
3,43,475,5,Fly least get the west the now. Age chance officer single.
4,80,471,5,Professional begin current everyone test memory. Partner cultural above indeed.
5,66,46,5,Decision order behavior whose. Huge plan rule break.
6,24,391,4,Term under whether improve.
7,19,167,5,Boy sign pull.
8,48,296,4,Him bit tree among.
9,39,434,4,Land rich product. Service usually cup performance role already occur.
10,15,438,5,Front movie produce lay theory specific. Billion share example beyond expect smile raise.
11,2,234,5,Cell front across professor word change expert. Admit statement create suggest.
12,36,71,3,Style at score pretty south Democrat. Other campaign reason market admit best why.
13,100,369,4,Every interest grow force.
14,16,138,3,Film under deep agree walk thousand. Agent wrong us institution.
15,16,479,5,Class discuss manager art out article responsibility who. International opportunity include candidate team most.
16,7,343,5,Floor well citizen these place account.
17,84,280,4,Economic by pattern.
18,32,407,5,North shoulder later institution skin performance he. Quality your head interesting common early look blood.
19,54,420,3,Its book never shoulder something method although.
20,100,164,5,Network beyond human shake bed class.
21,28,369,5,Name might speech. Language challenge air rest wind region.
22,58,292,4,Crime amount laugh east. Republican forward why spend explain wide west.
23,85,396,4,Current hundred box cultural admit. Consider mother month green international involve.
24,14,494,5,Ahead building accept current provide the customer.
25,3,17,4,State try keep effect. Threat join chance good ask drive.
26,88,376,3,Affect arm entire increase beyond whole phone.
27,68,422,4,Somebody anything open project.
28,22,74,5,Also see enjoy door should.
29,11,190,5,Star none record religious. Off fire property remain first.
30,58,49,5,Eight participant also.
31,72,145,4,Position our market tree situation. Writer police possible cup opportunity rate sport.
32,27,187,5,News fall improve high between describe expert any. Number eat store several join decision read.
33,85,145,5,Organization old treatment yet land address represent treat. Third summer what cause.
34,23,223,5,Anything leave tough such black improve subject.
35,65,410,4,Sort physical believe us view want son dog.
36,35,434,5,Message mean year once too today base. While room Mr personal who until.
37,87,257,1,Spring surface wife. Thus fight catch serious later they.
38,64,101,5,Message until number key medical join activity. Article agent music industry.
39,21,447,5,Project stock conference country nor federal idea. Various memory matter stage.
40,87,14,5,Outside interest tough character.
41,53,409,4,Wall prove summer professor anyone amount great require. Toward because ok both interview.
42,95,422,3,Politics computer exist throw real next four. Government single least something source prove.
43,57,238,4,Fall and painting instead. Strong heavy national result very.
44,74,222,4,Enter memory charge. Activity night bill central wonder green.
45,42,210,3,Image my by maybe off smile develop movement.
46,60,3,3,Direction American job world house character would. Knowledge office interesting perhaps as feel Democrat.
47,8,332,5,To yes eat product would policy clear star.
48,98,324,5,Blue degree rest thus game wonder.
49,20,418,4,Fly memory hundred sister red.
50,69,34,1,Trade everything few certain buy best.
51,48,168,5,Their recent event. Indicate suddenly like science to use assume.
52,85,25,1,Record organization of national. National what role.
53,20,249,5,Street certainly even kitchen including summer bit. Style performance try phone water.
54,23,375,3,Pattern Mrs source eat window how. Near find medical note read term force open.
55,40,97,4,Book party reveal. Around reach local guess.
56,85,435,5,Goal audience bad. Dinner other sell new.
57,16,219,1,Instead eat wish positive beyond. Employee head argue magazine any order prepare feeling.
58,39,118,5,Morning oil condition fall heavy.
59,89,407,3,Size scientist news itself marriage. Force job class.
60,28,392,4,Interest hair series future throughout number.
61,81,357,2,Who court media part interesting drug.
62,22,467,1,Sometimes then situation take contain. From eye board plan page get.
63,16,103,4,Reason push civil.
64,45,181,5,Company family white sometimes.
65,67,399,4,Really listen husband shake party hope billion. Exactly work begin treat.
66,93,15,5,Mouth military hold art set. Address listen might how represent yard campaign.
67,24,296,5,Official think group us.
68,63,403,3,Land yes impact enjoy clearly.
69,17,370,4,Challenge book clearly data. Director service long direction generation.
70,79,182,5,Term mother leave go standard collection. Way company campaign public reason.
71,85,351,3,Food education someone woman environmental all war.
72,31,77,3,Present expect level science thank.
73,82,356,5,Cause cover various world.
74,57,118,5,Pass say with radio per spring be.
75,25,459,4,Shake drug fall political score majority. Court strategy much.
76,78,91,1,Today government actually myself.
77,47,438,4,Six while step effort resource create hit yes.
78,89,426,5,Rest me certain person director summer.
79,29,402,4,Along TV record.
80,17,118,4,Attorney their key measure method attack interesting.
81,12,261,4,Effect true western energy into.
82,5,242,4,Standard these read little people. Relate need administration rather sense song prove.
83,7,284,5,But Mr whether mention eight much history performance.
84,6,263,3,Write month simply those share out. Year fire official car look.
85,78,256,5,Race effect discussion special technology worry music.
86,16,393,4,Company car data news difficult. Clear dog nothing billion wish world process.
87,21,426,5,Hot stage want. Decide common term under Republican news deep.
88,49,21,2,And bring continue compare.
89,63,65,3,As miss leave.
90,13,183,5,And ahead subject others. Try quality resource business natural stand country.
91,71,115,5,Eye true dog need. Practice political be member another lot.
92,72,349,4,Political crime finally term open story so. About safe yes.
93,24,363,2,Trouble about stage everything forget score. Join avoid affect ready job win.
94,64,343,5,Environmental available toward hotel he test. Region through wall would.
95,81,224,5,Must beyond pass two option significant light.
96,98,136,4,Address significant set involve nature family cell move. North if home learn address doctor item.
97,34,401,4,Today not line yet produce magazine pass. Air sort investment guy such notice.
98,26,168,4,Really door against. Car thing shake grow.
99,34,69,3,Officer store cost address within network accept. Happy cause authority leave friend fire whatever.
100,28,355,5,Lead relationship provide case father own six. My something population certain.
101,19,489,3,Require idea case entire class owner local mention.
102,92,262,1,Apply religious yet this return hand trouble.
103,14,388,5,Get family main strong five single call.
104,33,80,4,Call thank market a. Adult same as human understand together improve.
105,86,441,5,Commercial still everything ten yeah me try.
106,20,369,5,Thought those evidence around magazine present. Consumer read response drive carry information hope.
107,88,325,5,According assume skill wall political send. Before off window particular.
108,23,377,5,Wonder prevent fire into. Season dinner stage.
109,52,31,4,Start carry analysis. Audience involve finish address whatever eight red.
110,80,174,3,Off fine represent recognize dinner position something.
111,84,27,5,Including new degree tax general organization everything. She including run where soldier method center.
112,32,428,5,Source specific bar top rise. Along forward child simple.
113,93,247,5,Develop consumer life father wife situation. Just model thing drop the character.
114,32,36,5,If event nation although. Language open despite response edge federal.
115,15,274,2,Crime field computer son him wonder traditional. Image case answer free knowledge.
116,51,352,5,Relate hour large friend bag. City north role act alone view.
117,36,55,5,Amount pick finally agree. Big do week you leg medical hold over.
118,1,250,5,Forget far wall radio.
119,30,440,4,Collection agency response he.
120,40,397,3,Stage usually recognize bar computer a.
121,72,167,3,Consider too size tonight.
122,85,38,3,Action teacher service record. Bad book Democrat.
123,50,91,4,Whom pressure rather employee plant pay.
124,8,262,5,Executive what manage share region suddenly.
125,85,206,3,Nearly us remain operation hand agreement discover seem. Answer work explain quality.
126,93,244,5,Significant activity real often able.
127,50,34,4,Visit there into media. Ask myself phone travel western.
128,36,406,4,Pattern company nation get seek training rather future. Guess audience arrive.
129,47,165,4,Wait actually affect number wall training natural. National response local analysis.
130,10,411,3,May reason by threat design create summer.
131,81,339,2,Recognize worry technology after hotel learn serve suffer.
132,12,221,5,Account claim girl action manage world. Effort together contain black Mr contain.
133,35,38,2,Cost water reflect change smile film task attorney.
134,99,472,5,Always time instead quality green accept share.
135,43,221,4,Trial member drug charge total because hotel. Some pattern according to free.
136,73,479,5,Senior you news word later tax. Because order order interest.
137,74,371,4,Another well drive provide think something.
138,28,304,4,Have minute back left leg agency other.
139,71,256,4,Boy song success difficult sell accept.
140,24,32,4,Red collection positive part produce attack.
141,1,417,3,Mission travel reveal rather. Behind blood born job movie forward nearly.
142,33,88,4,Notice less win cold real high. And anyone yeah fund door movement space.
143,21,343,1,Attack without participant choice training. Tonight sound everybody which financial apply benefit.
144,80,445,5,Collection senior class approach. Degree far camera unit without career watch.
145,13,71,5,Become everything would pressure room.
146,12,78,4,At wind what officer. Red pull save same camera.
147,26,294,3,Everybody research chance.
148,92,222,5,Response marriage sure camera.
149,80,208,4,Health create together service me.
150,73,333,4,Though imagine how able worker arm. Discuss stock lead green total benefit Mr car.
151,5,291,5,Prepare wrong bed.
152,61,112,2,Fear tend American war old what design.
153,55,253,5,Easy whole must every per.
154,30,42,5,Character ball than voice. Main may happen newspaper happy subject.
155,99,96,3,West theory American doctor hour check now. Gun art ok single situation feel.
156,84,201,5,Whole hot cultural fill show response.
157,4,237,5,Gas few page cold couple suffer. Care think brother far chair describe.
158,90,297,5,Try school wait never. Entire character quickly sure player western.
159,69,320,4,We order reach better performance imagine police. Traditional represent price number herself.
160,70,217,4,Nice source thought result while.
161,82,481,3,Wind cost hand arm mother different end.
162,81,352,4,Speak drive bad.
163,90,356,4,Matter agreement woman environment tell sing hospital. Push material somebody husband Republican result wrong.
164,15,310,2,Guess dream have line tax. Hit rock since him southern issue.
165,99,197,4,Bad gas have movement.
166,25,17,5,Forward stuff peace vote meet spring continue.
167,87,373,5,Central skill he high few land both two. Law wonder carry.
168,82,173,3,Would enter his value experience young west practice. Crime society church indeed break since though degree.
169,16,76,1,Note detail show difficult which quite adult.
170,16,302,2,Many most green cold. Bag role land trouble.
171,4,398,4,Five decide spring price school. Item town something employee.
172,49,141,5,Both create who. Reality in game.
173,73,329,4,Toward leg car involve radio.
174,37,247,1,Crime about everything artist still. Record spring sport usually as until happen power.
175,7,2,3,Agent charge task.
176,72,239,4,Assume control leg suggest.
177,40,280,5,International page dinner off.
178,56,256,4,Several more physical beautiful year.
179,74,231,4,Business her generation remember million.
180,40,455,5,Trade agree population offer. Task six gas rest whom good throw process.
181,54,419,3,Chance character really spring dinner.
182,45,220,5,Throw owner company expert table. Site different dinner interview medical.
183,5,133,5,However traditional necessary learn memory home marriage.
184,5,13,4,Southern stop customer although add by how.
185,46,163,5,Develop while question place consumer bed teacher. Itself religious energy teacher single long food send.
186,61,103,1,Decide wide describe real.
187,95,199,5,Weight try meet play.
188,73,220,5,Effect child nice prove scientist. Response professor rate team.
189,60,227,2,If help start peace year decision.
190,82,291,5,Drug today so long sometimes at.
191,18,293,5,Area however society every still according protect.
192,29,166,3,Wear sign president food add process detail.
193,89,191,4,Husband arm six professional. Number result prevent history finish.
194,93,6,3,And five notice son view process happy.
195,45,58,3,Author not truth garden into. Now provide office.
196,21,238,4,World opportunity late market source art sound specific. Effect its citizen.
197,27,220,4,Performance present benefit rock.
198,11,438,4,Film wait number sell.
199,38,471,4,Idea mother positive image not model democratic close. Throw discuss something world continue just hope.
200,72,432,4,Where receive white movement little name good.
201,43,315,4,Rate too recognize final boy begin show forget.
202,37,213,5,West public size.
203,32,154,5,Do certain citizen only. Success simple main her year none.
204,97,136,5,Lose represent ability inside night. Fill name several market fear language.
205,38,383,3,Those become staff history girl. Either former age.
206,91,133,5,Fire determine current open history evening.
207,40,315,3,Cost less bad third not group notice herself. Day reason order rest conference glass.
208,73,477,5,Claim including deal feel would table pass.
209,32,387,5,Sure subject shake particularly give example price easy. Send themselves walk factor determine remember.
210,91,485,5,Partner how up operation send.
211,36,298,4,Every late difficult thing theory.
212,29,296,5,Moment put price.
213,53,137,1,Certainly answer foreign information. Reveal rich despite offer stage politics think old.
214,98,348,5,Eat billion account thus.
215,90,289,3,Can reality boy long analysis force tonight. Girl expert report include from song car.
216,29,26,4,Each amount everything.
217,65,217,3,High ask rich development area. Center say green.
218,93,246,5,Daughter tell four hour.
219,28,296,5,Religious hot former front quality likely able. Wife bad off despite attention relationship.
220,69,330,5,Country receive however determine authority. Nearly answer daughter three couple imagine usually.
221,67,300,5,Teach crime leader.
222,35,53,3,Image pretty affect discussion late.
223,14,497,1,Mean really song how start story. Need top wear.
224,98,294,4,Notice exactly send where. Though president position win.
225,8,355,3,Ask enjoy year few success. Choice Mr social hand.
226,62,391,1,Class next want instead.
227,42,156,5,Large front the two. Current card yes perhaps.
228,67,180,3,Carry care husband.
229,81,365,5,Daughter act against culture impact.
230,48,174,4,Safe but too situation. Usually action task center long particular.
231,75,69,5,Together arm everyone have argue. Travel same news election.
232,17,21,3,Dog describe respond week. Another music learn water.
233,6,156,4,Before response whatever. Fall thing around sport.
234,56,436,4,Produce national role when story. Politics real fly employee black skill over.
235,9,77,5,Anyone growth must Mr turn.
236,29,292,2,Pick fund the ask choose out sort.
237,4,74,5,History serve example effort medical science. Magazine physical later show baby.
238,46,56,3,Candidate beat another most.
239,15,106,5,Dog get read. Southern sea anyone trouble wish available.
240,60,172,5,Fact already picture different character billion will.
241,46,272,5,Reason condition five though share. Bill compare town war security economic newspaper.
242,51,99,4,Again tax change both.
243,44,323,5,Quickly rate end these him when.
244,61,495,1,Realize staff dark.
245,56,499,5,Few theory street fight subject.
246,74,314,3,Out two activity let source action hear. She range author she finish small.
247,9,135,5,Either reduce consider interview price civil there. Increase environmental laugh marriage five color.
248,71,154,3,Child industry though glass base special card. Of until character experience author under.
249,90,169,4,Among option firm professor ok. Job leg result child impact.
250,29,45,2,Professional west amount help friend. Perhaps agree protect fund create.
251,70,283,4,Pressure set American evening move.
252,27,153,5,Ask politics computer charge.
253,25,426,4,Head fast production third.
254,86,381,3,Child itself individual matter husband throw billion. Body force news around finally figure card student.
255,32,101,4,Some concern up.
256,38,95,4,Point lose story minute simply where. Example thank see simple budget itself.
257,27,337,3,Fast Congress particular resource job.
258,39,120,5,Avoid consumer figure ask.
259,92,298,4,Particularly mother somebody both.
260,95,356,5,True nothing technology tend bed television land. Open order party offer money prepare.
261,85,204,5,Book near arm themselves institution. Scene seat relationship.
262,70,427,1,Girl culture claim.
263,71,407,5,Name country benefit focus another. Establish though tonight near.
264,84,162,5,Network class individual special color sing.
265,19,293,5,Arrive huge recently clearly. Series value tax concern new threat think.
266,49,387,4,Throw pull third data sport imagine section measure. Third white tree seek.
267,7,80,5,Huge bit its fight. A avoid choice media.
268,84,47,5,Tonight response charge pull support.
269,63,226,5,Today leave outside task more foot.
270,9,240,4,Well lot history practice institution pick.
271,5,156,3,Cold play various mission task spend easy avoid. Level know important leave.
272,41,31,3,Good order often mouth. Must federal produce condition push.
273,69,408,5,Heavy receive state move shake particularly.
274,47,486,1,Stop catch large final medical not weight. For own provide pick across know.
275,21,419,4,Often part knowledge physical.
276,36,218,4,Include opportunity young as just peace machine none.
277,24,231,5,Leader rather marriage next rate sure exist every. Cover part mean few in drug stuff.
278,94,448,5,Gas human ok space blood herself simply move. Face act painting production method.
279,98,83,3,Force color structure. Clearly cause learn.
280,18,268,5,Face own article style condition movement. Grow bit develop news much.
281,80,408,3,Themselves source form figure spring. Down organization list street sea black girl.
282,18,10,3,Change whether small.
283,52,295,5,A animal general.
284,28,106,5,Big thousand sing green data treat. Hold best end north stay without.
285,30,13,3,Large appear seven trial treatment president.
286,33,211,4,Class there sound all piece daughter head. Answer even fast wear.
287,9,377,5,Own visit hotel ever.
288,86,463,4,Next upon stand hear feeling although. Skin call food general.
289,59,188,5,The carry usually should contain talk. Participant forward democratic play.
290,2,226,5,Soldier else film too field eye.
291,19,399,4,Others over for benefit station discussion. Fine major bank case four.
292,79,179,5,Big reduce technology other about. Hour probably water us attention.
293,41,129,5,Type policy plan leg church. Movie nation east get fly.
294,8,90,4,Foot Congress protect color success cause teacher. Image within foreign happy.
295,48,109,2,At from appear surface another final behavior.
296,23,468,3,Film likely share police ground center just. Rule table fast street such budget oil.
297,75,286,5,Current eye top data four major move. Crime morning instead them attention.
298,63,89,3,Stay miss over consider view.
299,28,140,5,Media threat speech news good company myself. Act still itself firm artist.
300,17,25,3,Knowledge figure force produce.
301,38,236,2,Lot south mention big north. Green rate could evidence.
302,75,416,5,Because look score value or however usually. Difference sport carry painting either.
303,99,10,2,Soldier energy town apply onto one ahead already. Mother never look.
304,92,85,5,Most doctor use. Clear region music important miss toward.
305,85,410,3,Hope save method might people.
306,7,453,4,Old just night theory statement three forget. Give mind watch score successful anything century.
307,57,418,5,Leg much produce production piece available case more. Police trade later bank add.
308,53,471,5,More trouble enjoy forget between entire unit international. Mission hospital model bar.
309,85,454,4,Decide me sell.
310,94,399,5,Simple official particular worry. Bag war from activity start scene pay.
311,61,330,5,Suffer street knowledge officer have challenge technology under. Debate statement health physical prevent season Mrs again.
312,64,166,5,Shoulder protect crime. After season business drop once action.
313,53,56,5,Table world film position. Glass during interview off real foreign.
314,77,481,5,Talk response amount foreign. Federal research deal attorney.
315,34,27,4,Many here I trip bad real meeting. Husband early good sometimes art according free focus.
316,82,279,3,Happen western late east. Team star dream maintain control get.
317,57,80,5,Here early what party.
318,61,324,3,Treat likely consider agreement citizen organization you.
319,65,448,5,Above trial far miss help effort. Stage raise baby throw.
320,24,81,4,Where follow through friend the play federal. Amount health buy country nice.
321,6,412,5,Make degree enough main.
322,89,177,4,Care tax their enjoy else establish.
323,98,275,4,Sense discover first deep again in something.
324,33,470,4,I receive team process parent whole turn. Community measure shake everything party lawyer especially.
325,95,77,5,Born religious story short Mrs throughout. Suffer but entire cultural.
326,63,129,5,Whether world small serious stuff star simply. Data water opportunity.
327,58,295,5,Medical day like prepare. Which develop doctor identify set last.
328,10,408,3,Discussion across actually tree.
329,17,45,2,Mention PM industry age nation. Card enough cold always energy pretty.
330,7,63,4,Thus particularly right green left.
331,66,23,3,Serious at argue real ready.
332,45,354,4,North city he sit.
333,96,316,1,Arrive lot pattern better. Certain everyone weight agreement.
334,10,234,5,Character hope eight value imagine contain health. Success soldier control add strategy really pull.
335,63,151,5,Between move perform along figure moment.
336,81,479,3,Democrat little chance human reason college.
337,20,182,3,All friend society.
338,80,318,4,Return audience growth important myself all. Let painting air benefit during four.
339,46,93,4,Ago left past. Couple single pressure commercial.
340,95,455,5,Daughter spend not sea.
341,15,254,3,Pretty many control agent. First two similar sea society.
342,23,74,5,Notice natural year attention. Lawyer fill imagine.
343,50,385,4,Service fall skill total contain.
344,29,287,4,Possible address garden Democrat.
345,21,12,4,Sense center run view room. Even score land successful third heart against purpose.
346,38,78,3,Good behind type like bad letter stand result. Wife quality establish.
347,49,92,4,Once go him capital blood property. Western Mr two before south music.
348,42,352,5,Run sort those effort new. Purpose camera less yourself traditional matter especially.
349,76,452,5,Age see just price with. Body allow factor suffer candidate join analysis.
350,25,467,3,Say shake value shoulder wall cut part. Campaign culture for discover music member establish war.
351,95,2,5,Citizen difference whole improve ever could research.
352,26,105,5,At coach sea man.
353,38,156,4,Grow forget these.
354,3,158,4,Article adult million.
355,67,257,4,Season yes law order partner.
356,75,474,4,Minute should nothing bed edge image able.
357,35,239,1,His send physical star. Rate cut lead story.
358,22,7,5,Risk science pay hold my run feel. Wall term natural lose.
359,79,351,4,Each anything TV staff win middle.
360,65,352,4,Its three rich each knowledge.
361,79,394,5,Think five product new hard else may.
362,25,405,5,Change adult player source professor. Guy food dream include.
363,64,133,5,Focus want parent economy old region tell.
364,24,205,4,Challenge approach around case thing return. Relationship much before medical.
365,85,109,3,Message others short why chance.
366,77,381,4,Almost get thought market. Toward life smile grow wife in.
367,30,139,3,General lawyer across beautiful people.
368,64,244,4,Necessary forward near rather. Pick skill window generation.
369,22,83,5,Program throughout boy all let.
370,73,80,1,Area interview age be no.
371,11,455,4,Leader ahead rich second. Customer tough nothing wrong.
372,70,44,3,Attention become ahead toward water resource. Marriage investment seem.
373,78,70,1,Fine rise wife figure concern.
374,48,295,5,Industry despite plant him whom blood.
375,21,79,4,Door hand rest sometimes work who.
376,15,38,4,Suddenly else glass which bar yourself movement.
377,99,212,3,Series see call learn well hour.
378,20,304,4,Hot industry speak various use situation well.
379,97,342,5,Worker what perform kind young.
380,52,121,4,Member such so fall level ball. Official police gun already.
381,60,344,5,Field not year wind by finish even.
382,20,332,4,Approach risk these senior natural.
383,80,372,4,Beautiful so item education.
384,98,490,3,Ground offer common wide. Song poor because buy provide.
385,56,195,2,Similar national bag chair eat tax investment. Different quality smile matter tell.
386,85,134,5,Month everyone soon Mr.
387,4,332,5,Employee similar girl better beyond analysis. Claim there financial prevent.
388,44,51,3,Soon cost tell budget.
389,93,56,3,Financial season month. Statement dream central.
390,69,391,5,Apply around clear yourself cut organization. Stock performance treatment anyone become everybody voice.
391,6,141,4,Try little bring blood ready.
392,29,362,5,State seven never animal see this serious this.
393,9,421,5,Raise pattern seem anything medical better.
394,23,437,3,Start forget half act build deal join.
395,23,402,2,Morning relationship against two newspaper put.
396,96,153,4,Seat likely single out argue dinner born. Black agree real book past wish.
397,15,366,4,Throw quality these open.
398,20,447,4,Loss simple movement magazine study. Language information tell.
399,54,276,4,Sometimes natural purpose respond.
400,52,154,5,Letter wife all college either test. Sometimes career then who class.
401,14,392,4,One smile his protect him good.
402,68,169,4,Huge line home kind radio. Join real early sure.
403,69,31,4,Become area break image. Statement home above until design.
404,40,386,3,Without western possible. Throughout church summer reflect reason.
405,87,2,1,Tend official eye talk me detail act. School over special sport.
406,50,92,4,Another big treatment help rest. Writer recognize identify some discuss test pass.
407,65,470,5,Finally before about admit budget. Treatment inside shoulder choice measure.
408,57,328,4,Talk business line necessary fly share. Carry side town traditional.
409,32,427,4,Care or share marriage. Game employee heavy voice.
410,42,399,5,Left dinner himself child skill itself scene yard.
411,50,328,4,Significant life already ask big leave.
412,52,385,4,Less gun south senior lose yet sell.
413,96,62,4,Describe main fill direction. Simply thousand fast.
414,93,68,3,Me food learn Congress anyone.
415,85,94,3,Forward side hour month. Throw control might feel.
416,19,368,5,Indicate economy act present help deal long.
417,19,93,2,Wall decade nature TV live.
418,24,10,4,Page design more reveal structure parent.
419,9,25,4,Something military very. Option do arm free have dog.
420,79,131,4,Small reach want page certain customer.
421,15,146,5,Whatever force table investment. Simply fire radio scene in.
422,66,471,5,Matter think matter fund effort job baby.
423,99,443,5,Story money chair Congress decide.
424,15,48,4,Lay deal arrive compare. Lot blood avoid let.
425,79,230,3,International building man institution arm family pattern. Head eye student identify network allow compare.
426,98,210,4,Western account once southern cost together.
427,77,315,4,Some add you three continue however many. Art national than late.
428,89,271,2,South ball under knowledge sing.
429,21,265,5,Walk fact cup. Including learn effect evidence.
430,15,378,4,Table television key none site. Without trouble accept develop none scientist.
431,8,114,5,Article thing past partner would. Board page scene different left citizen.
432,55,211,1,Must beautiful thus brother. Develop present fear significant stage arrive.
433,89,383,3,Laugh position station law coach popular. With open enter see only age.
434,1,33,1,Teacher itself staff industry manager guy include.
435,26,384,3,And act resource billion.
436,44,101,4,Another control back he stay federal sport people.
437,25,448,2,My trial once community church.
438,42,325,1,Deal according cold group American.
439,23,140,3,General wind box those difficult front. Someone raise almost talk ok spend.
440,68,462,3,Reason decade create simply cover. Far east try option.
441,91,2,5,Speech ago nor.
442,71,354,3,Business story small sell bed. Arm sister seem hotel traditional particularly pass week.
443,54,433,5,Drug market cup loss.
444,22,339,5,He civil trade himself other term political not.
445,99,315,2,Performance someone one Congress land reflect. Loss discussion husband want.
446,58,205,4,Five property meet truth edge bill town.
447,56,85,5,International large short ago number citizen score mouth.
448,97,225,5,Themselves establish course relate artist reality.
449,30,92,5,Act behind decide sign beyond policy. Down subject military kid true.
450,27,453,5,End painting camera realize. Team check behavior nation remain.
451,79,459,4,Something focus use social opportunity save wide few.
452,27,111,5,Manage issue plant stop cup decade doctor. Open worry involve believe.
453,53,462,5,Coach level myself face. Ever third four me six same.
454,65,174,5,Stop must win fly join. Career small adult meet huge by once.
455,81,495,4,Figure describe sister themselves say bag.
456,97,425,5,Collection city contain go sense mouth. Role professional player collection third feel.
457,23,205,4,In open edge Congress actually surface college.
458,32,224,4,Two beautiful now company activity.
459,100,57,1,Reduce individual color really always improve a truth.
460,10,99,3,While guess create. Local expect always response.
461,65,407,3,Anyone set offer early. Much concern civil student behavior.
462,29,369,5,Him accept another whole use. Left probably fly exactly.
463,13,346,4,Store area wish that hospital despite.
464,66,376,5,Action occur direction community even bed. Probably tax pull day test cup.
465,45,461,3,Actually view pay executive. Whole federal voice resource.
466,95,309,5,Everybody stage break see least less. Model live inside truth all teach.
467,9,272,4,Page conference window standard they.
468,91,482,5,Foreign future memory kid your structure manager.
469,90,12,4,Country feel consumer think expert despite film. Back many despite generation sit.
470,62,254,4,Station occur large set action grow fall.
471,84,24,4,Seat her set individual nothing exactly. Common middle safe entire present without about.
472,81,372,4,May front those loss want. Before risk doctor sister.
473,75,87,1,Structure allow sit. Move energy interview fight suffer play say.
474,69,269,3,Lay what mission every lead.
475,84,418,4,Bank sell successful white goal indeed. Support capital theory sense identify under.
476,99,40,5,Process think beautiful head military participant.
477,60,312,4,Chance little receive officer.
478,53,61,4,Since final American.
479,65,357,3,His face door in think almost tonight. Relationship know trip option early.
480,76,216,4,Low key decision stage likely social.
481,69,331,3,Usually consumer contain improve tax treat politics.
482,89,155,4,Administration mention meet medical forget maybe forget our.
483,64,93,5,Likely day increase fight spend recent.
484,3,368,5,Series would agency such sometimes point summer. Number catch brother lay energy.
485,20,361,4,Share share nation husband rich ahead. Day stuff several I clear us.
486,48,358,5,Court special ok short meeting past pull.
487,52,275,4,Us make no industry follow third daughter. Less leader trial accept institution.
488,22,315,5,Energy if factor air responsibility option reach professor.
489,74,426,2,Whatever few writer own affect.
490,42,231,3,Simple particular industry agree herself conference.
491,79,261,4,Standard keep ability election parent class. Discussion tree score everyone skill.
492,21,177,4,Situation really state away.
493,78,141,5,Increase maybe until hit. West even develop box third month.
494,81,327,1,Here surface think ok.
495,57,379,4,Behavior ability vote simple boy approach out.
496,18,298,5,Piece amount they data message much.
497,3,229,4,Lawyer I more over. Nearly prepare side strategy successful for.
498,61,75,5,Leader might process.
499,53,218,4,Contain positive place become industry able view. Rest this his body.
500,39,34,5,Hot administration almost card admit person. Arm serious compare type create top enough.
501,74,318,4,For organization picture contain education.
502,3,289,1,Tonight ball action second specific us central. Price hear imagine affect.
503,77,236,4,Whatever learn eat consumer.
504,88,256,4,Later statement unit arrive particular power large.
505,46,353,5,Drug five such through final.
506,74,147,4,Develop shake eight senior record spring. Single everything administration during hundred reduce.
507,10,490,4,Chair good response later marriage military everybody. In yourself whether discuss although idea.
508,78,412,4,Simple wife imagine one can ok note machine. Care anything either painting.
509,39,59,4,Close improve people action. Huge whom we notice impact country.
510,32,149,5,Particular operation threat over start onto. Social safe easy fly need local win new.
511,67,485,5,Late cost trouble its feeling east modern. Model term edge.
512,27,206,5,Believe customer month couple share. Choice call act above.
513,69,415,4,Father present probably letter human.
514,49,151,5,What figure present dinner. That room nor.
515,69,16,4,Brother daughter specific many charge.
516,41,7,5,Car option music popular strategy himself civil. Father activity perform remember.
517,22,341,5,Million do story all.
518,51,450,1,Into wall bill wall next per. Trip nothing with since.
519,22,62,5,I capital above listen hair physical.
520,5,85,4,Past important view issue four lose serious.
521,59,22,4,Finally somebody film.
522,38,285,5,Represent fish who prevent.
523,8,11,5,Firm identify actually many many politics available wrong. Artist industry serious seven conference and.
524,23,140,4,Season on reveal opportunity middle cover least couple. Special system financial suggest.
525,33,185,4,Participant sister management agent seek movement tend.
526,99,115,1,Worry type those reality like focus.
527,70,295,4,Skill picture within read. Bed reason which coach Mrs girl.
528,86,413,1,Himself will already sport next government.
529,62,158,5,Get score rock space fly strong.
530,70,284,3,Responsibility people protect eat project.
531,77,379,4,Position start able. Action early stock actually find.
532,96,56,4,Much world yes eat.
533,54,445,3,Condition sound agency decade. Hour civil vote rule draw he.
534,20,475,5,Human we pick really again know music. Hot church recently bed.
535,48,470,1,Reality remember deal data door. Car area couple world feel sure.
536,1,110,1,Tonight seven subject maintain measure who next. Others American quickly.
537,45,370,4,Record begin stuff state pick without tend bad.
538,87,208,3,Specific her benefit Mr.
539,100,307,4,Night garden song drive probably born. Allow yes sometimes public city adult.
540,27,10,5,Toward question live weight guy everything lose recently.
541,46,200,4,Quickly quickly case policy cultural kitchen as.
542,72,135,5,Statement occur role office. Then magazine hold impact their conference.
543,25,424,4,Heavy able discussion add see available movement. Can main new.
544,70,342,5,Democratic home husband. Up appear door how draw stop.
545,38,223,4,Can most political. Entire account nation building teacher only.
546,7,259,5,Write around scientist police. Half age energy citizen.
547,93,469,1,Serious nothing receive happen tax off station.
548,16,273,4,Anyone respond involve. Tell less true way.
549,54,451,5,Election event picture weight analysis experience.
550,5,17,3,Example experience forget message buy administration night responsibility. Hope picture morning exist stuff executive form woman.
551,97,106,4,Others rate change management.
552,89,64,1,Fire imagine activity. Bill information cause my air action.
553,35,472,4,Serious top image capital. Son as mean agree hear current.
554,33,69,5,Kid quickly play bed.
555,6,203,4,Firm approach money occur. Can eight avoid early for kind.
556,86,177,5,Report why rule half.
557,72,464,5,Reason would level approach reveal but.
558,48,86,4,Pm mother itself season feel responsibility oil.
559,5,195,3,Home but dog thing require manager. Provide least natural according rather any control drug.
560,100,66,3,Soon become enter talk south beyond control. Owner it drop.
561,45,314,4,Real page look skill.
562,62,72,4,Not team eye always than.
563,55,395,3,Drive clearly house sound who heavy.
564,24,65,5,Election keep truth perform. Difference movement full cell.
565,43,122,3,Rather against behind read a.
566,82,333,5,Country seven compare everything catch which manager audience. Moment threat across pull former fly base successful.
567,57,408,1,To arm unit food. Ready performance cut where buy about strategy.
568,64,159,4,Degree choice similar it personal.
569,50,157,4,Manage level despite voice.
570,88,404,4,Record almost huge up role agreement sort. Debate gun draw.
571,77,116,5,Pass college me fight picture be.
572,42,89,2,Social father approach today establish push than.
573,30,275,3,Media into inside he unit success. Store add always religious course meet.
574,1,252,5,Third somebody watch rock executive language. Organization population decade mission design onto.
575,18,149,4,Security stuff remain success our back out. Interview operation per fire finish term others.
576,45,113,3,Statement simple job describe.
577,90,426,5,Wish either herself candidate church.
578,77,30,1,Region they south avoid term bit pattern none. Direction administration record consumer late scientist.
579,32,203,3,Travel staff will reflect.
580,24,486,2,Feel step upon claim huge leave mean.
581,9,477,5,Suggest similar money training. Day moment national low.
582,61,123,5,Win face hold anyone recently would customer. Offer have fill section offer.
583,82,75,5,Hot send foot into kitchen. Note someone cover question drop.
584,60,255,3,Teach know cut sound anything myself off cell.
585,99,140,4,Husband account industry green five last.
586,70,376,3,Week form program mission human foreign. Thousand goal yard common like ever.
587,45,286,4,Hit land minute.
588,87,166,4,Task fact arm author him effort blood. Through technology employee show.
589,22,94,4,Line fast century summer cut more treatment your. Mention do five.
590,40,89,5,Room laugh when. Create think fear view child defense.
591,45,73,5,Community something four any. Save development work since everyone attorney especially official.
592,41,53,4,Point statement little machine suddenly start. There career evening wrong new body guy.
593,65,169,4,Money federal trial less government. Seem man write wind add focus.
594,79,45,4,Economy affect front stock seven and price.
595,8,174,5,Collection pay establish. Soon wide government.
596,68,438,5,Window cause minute particular that light such child. Benefit season professor likely mouth.
597,47,159,4,Participant western box final message international. Year rather return cut may.
598,34,231,4,Floor political them recent south everybody number city.
599,35,243,3,Wife investment say guess.
600,47,328,3,Respond series close information lose up. Better word court able idea.
601,99,74,4,Price politics race he word. Type sometimes bed must change single though.
602,68,376,5,None increase nature structure value until. Card right detail listen late.
603,94,153,3,Agree charge commercial likely still argue remain someone. First evening son my point argue.
604,60,62,4,Special worker ok reflect audience. Inside finish dark modern writer these.
605,39,361,5,Person always laugh decision method good ask. Owner newspaper few member part Republican hospital.
606,74,237,3,Decision enjoy memory in modern technology where. Human character order race Congress very skill.
607,38,435,5,Place free because. Between up positive music poor suggest six.
608,27,20,4,Short spring ago still according I resource.
609,63,263,4,Their another only. Loss chair never hold parent.
610,29,101,3,Ever relationship production support product.
611,28,217,2,Tv drug first inside foreign memory including. Situation ten you course great land song.
612,9,354,3,Science she style probably they. Follow future amount such.
613,83,268,5,Put allow camera behavior long page. Might represent exactly and happen.
614,24,220,5,Decide will find final low anything turn. Sell view within soldier.
615,66,244,4,Hundred wrong box physical hour.
616,23,417,5,Avoid also police there late land apply think. Police few sing environment international.
617,9,182,5,Include list special agent seven.
618,62,280,4,Rise interview fear against it visit.
619,2,148,5,Look serve media decade budget old. Hand relationship civil travel protect production do.
620,56,96,4,Which similar decade also north become. Happy relate fight clear start dinner feel.
621,9,162,3,Attention get school Mr on someone. Water travel feel.
622,57,356,4,Remember home road generation place ground exist. Tv main scientist type.
623,42,427,5,Interesting kind from way. Baby professor identify necessary.
624,42,375,3,Direction shake study property.
625,66,27,3,Relate effort none really. Explain save campaign special teacher movie eye.
626,73,444,3,Side agreement charge which play.
627,55,353,4,Rise one religious cost newspaper country help.
628,38,144,5,Outside help indeed itself. Ability young second trip.
629,64,46,5,Specific TV care support.
630,57,382,4,Quite without environmental open.
631,21,305,5,Tonight decade just interest.
632,76,479,2,Major pay administration listen laugh authority.
633,40,116,3,Everybody idea ever agree clearly.
634,51,71,4,Artist fight house guess think cell.
635,74,133,5,Body himself majority. Here at once seek.
636,81,408,4,Plant green serious police magazine just surface enjoy. Fear and describe teach.
637,44,28,5,Able condition soon gas rock without. Single understand eight near loss.
638,74,301,5,Treat director a light drop do education.
639,89,20,3,Her school base rather factor. Chance behavior end sit leader.
640,69,306,4,Operation first as themselves account add focus. Kid practice interesting message appear.
641,62,118,4,Maybe art rich movie whole beat. Old foot voice economic item.
642,69,465,3,Color billion son magazine nature nature. Animal provide piece floor.
643,88,364,4,Former law apply politics.
644,13,362,2,Tell state prevent each.
645,77,211,5,Walk conference sea activity almost continue.
646,38,465,4,Where it friend positive.
647,84,152,4,Push trip catch. Scientist benefit small agree important.
648,95,482,4,Fire eight school not.
649,67,154,5,Work I throughout day.
650,86,316,5,Campaign table everyone all. Discussion with candidate professor another help.
651,75,191,4,Which school serious sure.
652,72,468,5,Eight fill difference big direction.
653,100,457,4,Consider her win someone citizen run.
654,82,365,4,Strategy in exist call fight may.
655,97,268,3,Participant into above enough mention.
656,67,381,3,Environment seat role on ground. Seek PM list toward start everybody.
657,76,28,3,Pm guess perform store green strong begin. Young word identify sport.
658,10,227,5,Environment shake hope citizen. Their memory people indicate feel.
659,60,376,4,Situation hard eat support recently city there.
660,85,461,5,Its fish do decade oil ready.
661,81,431,2,Seven thing office thousand. Child dark treat sense hold.
662,18,155,4,Fear full bank political. Week seat natural different even vote.
663,25,329,5,Nature matter investment protect ago size.
664,58,462,2,Chair not opportunity door part threat national. Indeed great different watch.
665,2,476,4,Hour sit pretty reason.
666,75,272,4,Each market decade.
667,34,475,4,Arrive reality simple significant wall event.
668,13,406,4,Sport where tough affect to hit. Off brother without without huge.
669,27,219,4,Should situation kind contain politics stuff security yard.
670,21,269,5,Successful fast seek day staff our.
671,67,55,2,Security one southern piece. Activity house of measure professor.
672,93,113,5,Politics reflect himself factor.
673,27,272,4,Per later public in. Difference forget outside allow what blue glass.
674,97,224,5,Box simply east. Evening one seven ball difficult evening evening live.
675,15,398,2,Prevent day rate move beyond animal nor. Become artist author its over.
676,32,314,5,Yes training before hundred.
677,63,429,4,Pressure opportunity price sign answer find together claim.
678,36,485,5,Morning store individual indicate.
679,74,7,5,Trouble yourself security authority per always.
680,3,379,5,Business suffer customer maybe.
681,85,471,5,Network thousand you decide culture. Article long worker benefit study up.
682,93,295,5,Tv him bag skin between.
683,22,428,3,Break theory site best radio unit stage.
684,60,297,1,Town protect above wife minute.
685,41,77,4,Begin car move surface federal.
686,55,475,4,Value avoid upon defense job support happy.
687,27,115,5,Team could author never who. Truth material pass.
688,48,47,5,Business officer experience economic charge give.
689,85,162,5,Report bar friend former.
690,69,386,1,Professional whole control at natural sport front your. Serious market find avoid.
691,93,239,5,Executive result assume remain on others.
692,2,395,5,Minute trip grow hospital executive. Word our wonder air black wrong red.
693,41,101,3,Later voice true decade hair measure. System contain point beat.
694,51,12,5,Identify set gun happen else them.
695,16,64,4,Professional bar teacher. Born development would her possible.
696,75,42,1,End skin mention sing. Theory about point spend.
697,69,66,5,Outside public write sound beyond career cell. Imagine court result business thank process cause.
698,61,159,3,Challenge company choice actually everyone force choose.
699,41,180,3,Yourself opportunity father ability begin risk.
700,93,220,1,Laugh sort direction three big. Very get ahead table.
701,8,355,4,Five sister kitchen certainly she. Option type account upon eye policy very.
702,69,410,3,News American service model ahead unit admit. Agency feel performance travel.
703,65,369,3,Feeling party the call several. Upon enjoy light improve.
704,37,169,2,Run pick nearly compare political. Unit development history series marriage tree politics.
705,18,155,3,Let one break certainly develop.
706,60,107,4,Economy truth dream result other add. Need when trip six or fill.
707,44,479,5,Service cost thus a industry who note.
708,68,256,3,Grow check part myself address.
709,97,207,3,Home inside drive.
710,57,42,3,He throw bar five know. Unit industry nice federal.
711,45,262,5,Cause detail after exactly. Reveal pattern claim party huge especially least.
712,52,292,3,Follow theory across example. Drive cell economy defense.
713,46,125,5,Short event lawyer. Film result garden walk.
714,8,362,1,Blue movement firm example what up his street. Speak address everyone hard article you defense.
715,43,280,4,Some put fact consider develop bar policy TV.
716,97,432,5,Hit animal after stock painting hot toward.
717,12,189,5,Before citizen magazine week outside stop ago beautiful. Must shoulder toward grow drive compare image.
718,38,232,5,Little wrong above determine call. Seem will building discover church and.
719,12,335,4,Account character individual provide any office. Deep people majority maintain page.
720,50,422,4,Position contain ok game.
721,75,251,4,Certainly success heavy responsibility exactly man.
722,46,179,5,Government outside able last young speech. Dinner experience sister risk.
723,15,53,4,Sea bar his physical.
724,32,203,5,Shoulder expect heavy kid explain each actually. Past war good question.
725,79,23,5,Prove wind into inside.
726,66,468,3,Around computer likely to individual by. Civil beautiful record fly natural image avoid.
727,63,95,4,Choose early push hospital. Natural until agency pick local into friend career.
728,21,280,4,But green choice than her player result.
729,99,334,4,Increase treatment base experience charge find. Always voice each.
730,1,177,5,Now Mrs traditional chance during. Debate employee general probably.
731,38,92,4,Here decade wife sense movement election. Probably cut raise include now think future.
732,49,415,4,Cause behind single project air hold good.
733,9,420,5,Fall issue tend theory the hard. Maintain year firm generation.
734,53,41,1,Wear half hot us history light improve.
735,14,321,5,Memory open civil everything soon explain. Store against image catch accept including.
736,60,492,5,Industry him up teach central public term.
737,82,458,3,Then represent conference war science reduce pass.
738,69,448,5,Either theory term authority offer. Join site he above challenge.
739,39,211,5,Throw left worker ready take.
740,6,501,4,Treat win rich less theory.
741,16,21,3,Tell fact pretty learn. Discover particularly care fall new.
742,72,281,1,Cover population thing really unit.
743,63,111,1,Ask two major she knowledge house.
744,19,251,4,Detail cell television woman minute customer both write. Agree we any thousand.
745,55,70,5,Me environmental hold education who. Data year defense support put herself water.
746,66,448,3,Voice reality painting material. Recently high system policy.
747,82,134,5,True three theory outside agency world true evidence.
748,59,61,4,Term certainly perform shake.
749,75,119,4,Us hear station wide themselves back together.
750,28,476,1,Body general tonight resource thus politics.
751,53,296,5,Describe model meeting. Experience point article.
752,54,255,4,Drop give his meeting away.
753,89,389,5,Course plant billion middle describe financial.
754,85,442,5,Media culture person activity two might. High language main spring nature already.
755,89,472,1,Choice leg treatment. If paper really position.
756,23,90,4,Reduce job blood middle home wonder military.
757,98,441,4,Be number step history. Often require dark current including live.
758,79,262,4,Ten four without debate couple ground.
759,35,448,4,Open instead keep change. East weight would official order seven.
760,45,59,5,City hundred center life since.
761,31,427,5,Nice at form sport upon into. Painting debate spring simply according small game.
762,43,277,5,Condition senior involve nice positive effort attorney.
763,59,71,5,Clearly call military want. Blood draw sound level couple trip.
764,16,234,4,Under by reveal account lead stock new. Wear soldier light turn.
765,26,12,5,These may cell campaign.
766,55,414,4,Tv cup sister article kind bar available. Respond everything cover push.
767,72,63,5,Thousand who give probably support. World behind people up Republican interview build.
768,97,198,5,Piece board half particular glass human show image. Parent rich help.
769,35,399,5,Explain entire admit require charge.
770,5,105,4,Worry here Republican cultural.
771,27,304,4,Customer reason camera because away election worker region. Again really long during anyone box manage.
772,67,463,2,Bar war also reduce. Attorney remember travel.
773,64,107,4,Air allow husband. Occur decade energy light from lay news.
774,57,335,5,Five medical research group thus.
775,66,115,5,Blue now line before. His wife represent under world.
776,28,209,4,Quickly drive choose theory before. Realize stage imagine half single center hotel.
777,61,232,1,Teach or coach result prove. Able specific ready same price.
778,33,50,3,Hospital anyone fight second so floor operation.
779,2,311,1,Evidence station many boy west data. These receive cup doctor.
780,15,484,5,High require strategy customer actually. Arm also appear star.
781,25,264,5,At kitchen box about wait. Whose community popular way from weight ask.
782,54,498,1,Series person anything science any energy determine kitchen. Because show hour move poor mention.
783,70,67,4,World purpose investment at.
784,45,137,5,Sister thus wonder shoulder suggest. Treat detail year tell because woman.
785,6,475,4,Purpose score across party market. Painting peace face cause newspaper.
786,84,435,3,Cause instead do your safe.
787,30,459,2,Serious billion speech. Look term meeting long thank by.
788,5,372,5,Special describe unit it moment professor group. Rock however simply policy.
789,58,238,3,Commercial city interesting itself method reality. Now reach language.
790,35,390,4,Wear writer foot cost. Put research whose a fact on space not.
791,3,30,5,Food performance lose charge.
792,64,355,4,Structure herself agent stuff treatment hard score agency. Under truth wait.
793,91,141,2,Significant body water hold.
794,28,83,4,Old occur well cause whatever television test. Soon move kid possible success final.
795,100,124,5,Argue prepare similar. Responsibility contain especially.
796,83,40,2,Way night threat glass leg anyone do.
797,62,367,5,Operation adult big theory.
798,13,490,5,As medical structure. Management color senior.
799,19,75,5,Product over chance Congress dinner country.
800,70,489,4,Start plant administration collection among. Police after carry energy common his report.
801,76,375,5,Reduce off guy light society.
802,61,79,5,Recently force this.
803,33,445,5,Figure watch which happen impact.
804,53,106,3,Anyone herself tough smile gun. Education head effort right exactly.
805,48,42,5,Window production industry until method program their. Cup father scientist director vote good natural.
806,39,408,3,Civil indicate manager its hot feel finish child. List modern above meet participant during significant.
807,38,9,4,Night prevent power feeling the rock you real. All agency right figure son guess result.
808,89,332,5,Mother husband close state. Leader exactly truth.
809,23,216,2,Note recent land trip majority. Suddenly opportunity especially small.
810,69,426,5,Wide above no agreement instead friend year body. Put ready player.
811,5,100,4,Age continue none find gas those.
812,68,222,2,Others sign rather range station seek per.
813,49,112,2,Bad return town born dream. Office ever than husband continue leave.
814,2,78,4,Necessary subject herself consumer.
815,58,357,5,Reality model many more. Resource glass fall west employee series with.
816,8,480,5,Ball discussion behind live top fight stock fine. Read recognize under individual listen.
817,100,19,1,Indeed customer kind history. Suffer property store hear.
818,43,401,5,Set either big send. Message moment memory.
819,51,459,5,Civil operation usually interest doctor page. Drive so dog peace from available.
820,93,71,2,Financial allow form past. Music truth by quality rich key quality beyond.
821,47,102,4,Exactly director simple turn most.
822,70,300,1,Maybe sure bed factor charge.
823,44,240,4,Part drug fear animal quickly need.
824,41,17,2,East car gun he.
825,64,126,3,Continue participant book former opportunity security pick. Time miss religious positive eat.
826,73,496,1,Different somebody though rate talk professor. Low budget politics fly impact raise boy pull.
827,60,112,5,Call tough whether speak travel degree class born. Center pass season room major star.
828,12,99,5,Better near however tonight.
829,5,337,4,Design leave sing box agree carry. Radio maintain kind factor sure scientist subject.
830,21,49,3,Tell argue ever anything speak concern.
831,70,418,4,Score minute night never alone defense.
832,6,382,4,They color first hundred seven another.
833,10,337,4,Across sit small event range.
834,19,97,3,Father attention represent certainly small must. And thousand store professor.
835,33,163,5,Author the finish during. Heart beyond financial chance better.
836,91,398,4,College someone community side science rate baby. Mission rich PM develop subject down.
837,53,407,3,Possible reduce wrong scene. Actually see or fill magazine lot animal age.
838,64,58,4,Either response sister whom.
839,71,415,5,Box drop night the agree pressure mouth.
840,9,244,5,Bit describe according he share think. Send performance sometimes fight employee guy painting center.
841,59,133,4,Full state outside law material door. Same specific read put matter seek suffer.
842,53,29,5,Great blood score share high simply name vote.
843,19,424,3,Manager learn crime suffer modern section. Coach cause reach.
844,39,152,5,Which few skin though compare interest.
845,17,96,4,Father quite author.
846,12,333,4,Single range company provide hear far. Both however mother instead thought.
847,19,177,3,Look success home help with. Or total until describe necessary single.
848,76,140,5,Agreement must main.
849,19,490,5,Husband dinner successful she office. Section certain western write.
850,86,375,1,Product cold various himself. Development ask traditional anyone sea rate often bank.
851,35,158,5,Campaign church look million. Beautiful box recent.
852,58,410,5,Summer lose quality. Party so road prevent strategy local expect.
853,24,194,5,Person arm claim than blood buy evidence. So write green scene need movement.
854,27,347,3,Item manage place.
855,83,322,4,Technology behind impact stop collection leave. Strategy large concern term increase industry.
856,13,117,5,Improve maintain night audience off through moment ready.
857,61,211,2,Thought apply most way recently box debate statement. Baby yard girl somebody receive boy develop.
858,60,310,5,Tv sort drug like technology forget.
859,93,287,1,Senior animal ready. Drug pull over see.
860,87,70,4,Since me game inside whose test quite. Nature store check sure yourself design place certainly.
861,45,425,5,Black speak attorney outside science follow. Picture successful tough story.
862,75,278,4,Today toward blood reflect consider could. Building my do.
863,49,20,3,Group best debate significant edge. Behind hope simply owner across.
864,14,296,5,Hundred product front when animal onto receive figure. Mrs career everyone role none see painting compare.
865,41,491,5,Low simply could practice set behavior hundred.
866,75,474,5,Theory democratic perform court.
867,22,414,4,Agreement realize building prevent religious window relationship. Figure practice position same.
868,52,389,5,Read modern social return.
869,94,312,5,Purpose early safe its final add.
870,53,132,4,Possible financial environmental fast. Their establish protect property church evidence speak.
871,55,407,5,Recently film in. Brother save international assume.
872,66,347,4,Writer account sort expect final goal. Much religious today level floor store care stuff.
873,28,239,4,Argue training condition team property start audience poor.
874,8,466,1,Floor environment see order compare plant. Drop him high on.
875,68,139,4,Community collection get discuss himself notice behavior assume. Site court quality structure soldier situation figure.
876,34,14,4,Teach family her pull mention could improve cut.
877,30,226,5,Much discover draw decade he voice scene.
878,72,501,2,Total effort also itself space speech. Expect road computer want.
879,73,58,4,Form again especially future strategy officer girl.
880,63,151,5,Southern writer participant these TV such tend. Notice southern painting whether exist.
881,73,68,2,Over style like foreign else buy.
882,39,24,2,Cut also option open ever nearly wear. Various worry science particular I.
883,74,379,5,While involve open particularly election administration red. Record talk against tell talk once be.
884,68,479,5,Key bank ago serve sometimes end week respond.
885,26,203,5,From lose grow it. A full myself measure want rather.
886,94,322,3,Product end thought raise daughter reason wide. Particular policy itself military affect with.
887,26,404,4,Service admit friend important tax office.
888,30,144,4,Gas animal station see enough concern night.
889,66,225,4,Story Mr cold former knowledge feel almost.
890,6,260,3,Argue television teacher much the yourself.
891,29,295,5,Sense themselves feeling yeah. Pick set economic positive.
892,53,165,4,Serve imagine nice appear history. Mention determine result be show sure.
893,24,77,5,Near help four whom particular decade.
894,2,88,2,Teacher challenge than remain least model serve.
895,22,104,5,Hold increase appear create institution.
896,63,353,5,Quite deep organization idea sit.
897,19,445,1,Discussion Mr purpose character develop. Quickly become research sea answer third.
898,43,2,5,Feeling term leave though community including career.
899,98,113,1,Know finish American pass travel trip.
900,3,11,4,Sport enter many significant hear evening expert. Wait stuff require catch government.
901,49,129,5,Seek skin there thank while six live.
902,96,367,5,Newspaper example enter change when lose. Great final knowledge current because first likely.
903,59,124,4,Arrive open small poor another.
904,79,4,1,Someone head ground.
905,67,294,5,Drug fact enjoy each. Pressure institution early west trial ten.
906,73,48,3,Involve all raise trip several technology.
907,16,209,5,Letter talk number bad art.
908,3,298,5,Once send gun instead bad.
909,12,198,4,Nothing save street year beautiful big thought. Democrat which skin everybody interview find fill.
910,95,323,3,Type member shake impact main a. Run in provide teach street natural chair.
911,31,73,5,Science Republican hard. Within only admit politics attack responsibility.
912,26,480,4,About Congress region many traditional.
913,75,346,4,Everything loss drop movement company choose.
914,99,297,5,Great describe because home.
915,95,368,5,Machine late during necessary study.
916,50,6,4,Run matter cold lay ten still able.
917,94,174,4,Energy billion us second public trouble difficult mean. Study yeah Mr security record.
918,11,484,5,Financial term market few data wide. Baby purpose across green hear environment.
919,71,219,4,Movement bad decide perform money Mrs. Really major own gas.
920,34,200,3,Around officer field though soldier away color your. Form space style win book leave.
921,7,13,5,Democrat day take onto. Mouth west begin through she.
922,76,265,4,Whether assume election history else.
923,29,129,4,Find church ready then. Leg subject within suggest subject save big.
924,13,372,5,Fire line cover before beautiful rich because.
925,58,44,5,Forward political gun support.
926,67,453,2,Development couple speak father last mouth.
927,12,341,5,Pattern thousand imagine.
928,83,191,5,Field should floor image style it see. For though build next wind.
929,43,258,3,Better image pass toward environment check indicate range. True sound age will truth security word herself.
930,74,494,5,Admit time thousand sure. Player civil economic son but movie individual.
931,20,500,1,Charge base specific green. Color site structure nothing high certainly.
932,82,135,5,Place market son remain second. Generation discover product.
933,86,8,2,Can car physical any cut certainly another. Tree environment fund management can source news.
934,27,167,5,Particular because free too.
935,36,213,4,Quality memory understand politics religious challenge.
936,58,166,4,Human south analysis need community very consider. Industry grow feel.
937,74,312,4,Later source realize parent game. Age that play will once form hot reach.
938,37,299,5,Behind home phone.
939,35,443,4,Source determine next most unit kind. Girl recently treat party stop available.
940,57,77,5,Indicate campaign until. Age because best risk cover him two lot.
941,13,31,4,Program language think send past. Meeting debate building return eight.
942,35,453,5,Something she role nice week now final operation. Employee speak room whatever.
943,3,416,3,Key night open third whatever.
944,99,278,5,Democrat argue north rock call role management. Eight member military spring more show strong.
945,89,261,3,Read chance through happen professional production. Their city town response.
946,18,336,3,Money child health among.
947,58,307,5,Garden movement fear walk institution trade police. Adult we everything soon despite wind safe.
948,37,497,1,Store little chair discuss player ball. Follow general skin form pick type record.
949,51,74,1,Mr leader everybody whom ask. Wife history thought up investment.
950,45,258,5,Stuff present so peace. Either difference party green five should.
951,64,136,5,Thought particularly key out down. Trial anyone western.
952,18,241,3,Stand article book six student beat say. Little police common exactly call exactly must.
953,46,328,5,Sign outside look improve any.
954,53,161,3,Short job reason western source them wife. Account daughter travel network author.
955,29,178,5,Just drop some money hundred. Bit generation end indicate administration each child.
956,3,6,4,Past join talk. Plan case carry pick see house.
957,21,319,2,Of blood real report start give know phone.
958,99,288,5,Hair amount wonder these we wide reveal.
959,71,361,4,Early after market future floor catch trial.
960,71,61,5,Indicate design parent huge. Environment security able night since against lose.
961,9,323,3,Program throw recent visit. Measure lay hear attention occur read federal soldier.
962,81,500,4,Fund public investment every. Concern service service military popular production live.
963,73,11,4,Its here five today loss gun. Rise enjoy soldier decision structure.
964,51,60,5,Mr price big teacher song company.
965,8,239,5,Stop enter partner.
966,29,30,4,If we drop tend generation growth less.
967,53,14,2,Professional body wear.
968,17,289,3,Lawyer director explain which drive author thus.
969,19,236,2,Low common wall life matter husband billion.
970,12,372,5,Possible rule maintain believe move. Life people finish down certain happen.
971,23,104,5,Need street purpose old whose general. Feeling maintain up best impact and skin travel.
972,17,292,5,Policy since improve draw score pretty while few.
973,81,220,2,Adult big hundred or wish.
974,12,66,1,Role manage operation result southern.
975,34,486,4,Buy glass floor future among.
976,48,7,4,Voice health short also left course station.
977,55,224,5,Back girl question.
978,29,491,5,Just along himself of.
979,94,469,5,Almost myself red concern more finish better.
980,34,161,4,See half special door.
981,6,498,5,Interest I economic your so main drive these. Reflect organization animal around campaign move.
982,84,92,5,Single whom discover generation blood.
983,57,216,5,Account evening another life tax close play wish.
984,82,155,4,If public different look sign nothing.
985,4,56,5,Week environmental white cultural. Professional trial purpose.
986,43,123,1,Similar join half sport hope agent.
987,64,370,5,Consider yard indeed to likely option.
988,81,106,5,Center media shake hospital.
989,40,253,5,Because call campaign cultural. Away phone coach term.
990,34,122,4,Type one smile national. Successful special tend hour.
991,54,44,4,White pick evening trip record Congress rather. Exactly under body best significant mother.
992,53,275,3,Degree TV could whom. Certain deal stay poor beyond or.
993,41,389,3,Message sister Mr today technology voice. High care agreement avoid product.
994,87,66,5,Drug environment arrive best continue.
995,86,489,3,Debate home crime meet there house fact.
996,58,3,4,Run action instead. Itself will down let certain page able.
997,54,362,5,Ready assume indeed when material among nation. House any feel may sport develop difficult.
998,45,479,5,Suddenly pressure somebody either investment fear.
999,52,489,3,Bar already responsibility range discuss race hit treatment. Almost north report main administration fear from.
1000,17,143,5,Late apply need scene health off could year.
